order_id,order_date,customer_id,invoice_revenue,pounds_shipped,rebate_accrued,coop_allowance,freight_absorbed,cash_discount_taken,credit_notes
ORD-00001,2025-12-16,CUST-077,1042.85,73.0,15.64,19.08,30.66,0.0,0.0
ORD-00002,2026-06-24,CUST-066,283.41,17.0,5.67,0.0,0.0,5.67,0.0
ORD-00003,2025-10-06,CUST-028,462.5,51.0,9.25,0.0,0.0,0.0,0.0
ORD-00004,2026-01-29,CUST-043,633.32,50.0,6.33,0.0,21.0,0.0,0.0
ORD-00005,2025-07-13,CUST-030,688.61,53.0,0.0,14.81,0.0,0.0,0.0
ORD-00006,2026-02-13,CUST-028,3658.0,100.0,73.16,0.0,0.0,0.0,0.0
ORD-00007,2025-10-06,CUST-049,2107.17,116.0,21.07,0.0,48.72,0.0,0.0
ORD-00008,2026-02-07,CUST-013,423.49,40.0,19.06,6.99,0.0,0.0,0.0
ORD-00009,2025-12-27,CUST-111,954.74,87.0,19.09,12.41,0.0,9.55,0.0
ORD-00010,2025-08-28,CUST-049,1894.06,113.0,18.94,0.0,47.46,0.0,0.0
ORD-00011,2025-08-16,CUST-077,1452.42,77.0,21.79,26.58,32.34,0.0,0.0
ORD-00012,2026-06-01,CUST-045,2249.93,83.0,101.25,0.0,0.0,0.0,0.0
ORD-00013,2025-09-17,CUST-070,2700.66,108.0,0.0,0.0,0.0,0.0,0.0
ORD-00014,2025-07-14,CUST-045,1322.4,72.0,59.51,0.0,0.0,0.0,0.0
ORD-00015,2026-01-08,CUST-075,2213.71,76.0,0.0,0.0,0.0,0.0,0.0
ORD-00016,2026-02-11,CUST-106,1701.66,101.0,34.03,0.0,0.0,34.03,0.0
ORD-00017,2026-06-13,CUST-070,1136.58,35.0,0.0,0.0,0.0,0.0,0.0
ORD-00018,2025-09-19,CUST-039,1235.82,61.0,55.61,20.64,0.0,0.0,0.0
ORD-00019,2025-10-24,CUST-114,81.96,5.0,3.69,1.78,2.1,1.64,0.0
ORD-00020,2025-09-26,CUST-067,1566.31,74.0,0.0,0.0,0.0,0.0,0.0
ORD-00021,2026-01-04,CUST-092,818.6,52.0,36.84,0.0,21.84,0.0,0.0
ORD-00022,2026-04-15,CUST-061,886.34,43.0,17.73,0.0,0.0,17.73,0.0
ORD-00023,2025-08-01,CUST-104,995.56,82.0,14.93,0.0,34.44,19.91,0.0
ORD-00024,2026-04-27,CUST-015,2704.07,98.0,54.08,0.0,0.0,54.08,0.0
ORD-00025,2026-05-25,CUST-038,500.5,29.0,5.01,0.0,0.0,0.0,0.0
ORD-00026,2025-12-02,CUST-117,1622.7,132.0,0.0,0.0,55.44,32.45,0.0
ORD-00027,2026-04-23,CUST-090,1905.26,128.0,38.11,0.0,0.0,38.11,0.0
ORD-00028,2025-08-04,CUST-030,2812.39,200.0,0.0,60.47,0.0,0.0,0.0
ORD-00029,2025-11-02,CUST-017,1062.29,63.0,10.62,18.7,26.46,0.0,0.0
ORD-00030,2026-01-28,CUST-047,1727.42,107.0,17.27,0.0,44.94,0.0,0.0
ORD-00031,2026-01-20,CUST-045,1735.58,96.0,78.1,0.0,0.0,0.0,0.0
ORD-00032,2025-11-17,CUST-004,939.14,55.0,28.17,8.83,23.1,0.0,0.0
ORD-00033,2025-12-02,CUST-018,1995.27,54.0,39.91,0.0,0.0,0.0,0.0
ORD-00034,2026-04-15,CUST-046,3797.65,125.0,170.89,0.0,0.0,0.0,0.0
ORD-00035,2025-07-23,CUST-077,1357.23,96.0,20.36,24.84,40.32,0.0,0.0
ORD-00036,2025-11-02,CUST-097,1416.08,90.0,14.16,0.0,0.0,28.32,0.0
ORD-00037,2026-04-27,CUST-072,864.48,70.0,0.0,0.0,0.0,8.64,0.0
ORD-00038,2025-08-12,CUST-061,894.06,62.0,17.88,0.0,0.0,0.0,0.0
ORD-00039,2026-06-26,CUST-021,1531.04,103.0,0.0,0.0,0.0,0.0,0.0
ORD-00040,2025-09-19,CUST-112,408.44,44.0,0.0,9.23,0.0,4.08,0.0
ORD-00041,2026-05-09,CUST-064,2491.75,152.0,0.0,47.59,0.0,0.0,0.0
ORD-00042,2025-08-14,CUST-009,599.09,40.0,26.96,3.77,0.0,11.98,0.0
ORD-00043,2025-08-29,CUST-065,774.48,42.0,15.49,0.0,0.0,0.0,0.0
ORD-00044,2026-02-19,CUST-013,2544.81,114.0,114.52,41.99,0.0,0.0,0.0
ORD-00045,2026-04-26,CUST-025,927.64,82.0,13.91,12.52,34.44,0.0,0.0
ORD-00046,2025-08-03,CUST-011,1119.04,74.0,22.38,0.0,0.0,0.0,0.0
ORD-00047,2026-04-16,CUST-061,396.6,16.0,7.93,0.0,0.0,7.93,0.0
ORD-00048,2026-04-30,CUST-021,739.32,65.0,0.0,0.0,0.0,0.0,0.0
ORD-00049,2026-06-21,CUST-117,2603.22,124.0,0.0,0.0,52.08,52.06,0.0
ORD-00050,2026-04-03,CUST-086,535.35,19.0,8.03,0.0,0.0,5.35,0.0
ORD-00051,2026-06-04,CUST-058,394.56,33.0,17.76,8.52,0.0,0.0,0.0
ORD-00052,2026-06-12,CUST-097,1682.62,78.0,16.83,0.0,0.0,33.65,0.0
ORD-00053,2026-06-22,CUST-062,248.53,32.0,7.46,0.0,0.0,0.0,64.76
ORD-00054,2026-05-22,CUST-062,888.63,34.0,26.66,0.0,0.0,0.0,0.0
ORD-00055,2025-07-11,CUST-049,2245.71,115.0,22.46,0.0,48.3,0.0,0.0
ORD-00056,2026-02-01,CUST-104,889.8,46.0,13.35,0.0,19.32,17.8,0.0
ORD-00057,2026-05-11,CUST-013,599.9,49.0,27.0,9.9,0.0,6.0,0.0
ORD-00058,2025-07-20,CUST-085,952.66,57.0,0.0,0.0,23.94,19.05,0.0
ORD-00059,2025-10-15,CUST-064,1700.8,131.0,0.0,32.49,0.0,0.0,0.0
ORD-00060,2025-12-25,CUST-031,1378.01,37.0,62.01,0.0,0.0,13.78,0.0
ORD-00061,2026-02-15,CUST-097,3444.38,113.0,34.44,0.0,0.0,68.89,0.0
ORD-00062,2026-01-18,CUST-113,565.01,30.0,11.3,8.14,0.0,11.3,0.0
ORD-00063,2026-06-20,CUST-118,1034.47,93.0,46.55,10.55,39.06,0.0,0.0
ORD-00064,2026-03-31,CUST-079,1427.08,50.0,28.54,0.0,0.0,0.0,0.0
ORD-00065,2026-06-16,CUST-049,1397.56,110.0,13.98,0.0,46.2,0.0,0.0
ORD-00066,2025-08-28,CUST-077,1925.82,106.0,28.89,35.24,44.52,0.0,0.0
ORD-00067,2025-08-07,CUST-007,876.4,23.0,13.15,0.0,0.0,0.0,0.0
ORD-00068,2026-01-18,CUST-065,1877.09,93.0,37.54,0.0,0.0,0.0,0.0
ORD-00069,2026-01-01,CUST-037,661.76,60.0,19.85,12.31,0.0,13.24,0.0
ORD-00070,2025-09-30,CUST-056,1222.5,70.0,12.22,0.0,0.0,12.22,0.0
ORD-00071,2025-12-17,CUST-030,1256.53,78.0,0.0,27.02,0.0,0.0,0.0
ORD-00072,2025-08-05,CUST-070,2396.54,84.0,0.0,0.0,0.0,0.0,0.0
ORD-00073,2026-06-22,CUST-045,1053.48,37.0,47.41,0.0,0.0,21.07,0.0
ORD-00074,2026-04-22,CUST-119,559.98,38.0,11.2,4.48,0.0,11.2,0.0
ORD-00075,2026-05-02,CUST-038,1581.84,117.0,15.82,0.0,0.0,0.0,0.0
ORD-00076,2026-03-22,CUST-117,1452.58,113.0,0.0,0.0,47.46,29.05,0.0
ORD-00077,2026-01-02,CUST-015,1995.3,69.0,39.91,0.0,0.0,39.91,0.0
ORD-00078,2025-11-23,CUST-021,1514.56,77.0,0.0,0.0,0.0,0.0,0.0
ORD-00079,2025-07-12,CUST-021,2097.39,95.0,0.0,0.0,0.0,0.0,0.0
ORD-00080,2025-11-11,CUST-046,1552.17,40.0,69.85,0.0,0.0,0.0,0.0
ORD-00081,2026-03-31,CUST-008,1420.59,95.0,14.21,0.0,39.9,0.0,0.0
ORD-00082,2025-08-15,CUST-047,2294.19,159.0,22.94,0.0,66.78,0.0,0.0
ORD-00083,2025-08-02,CUST-043,708.97,56.0,7.09,0.0,23.52,0.0,0.0
ORD-00084,2026-06-28,CUST-099,2087.34,88.0,41.75,0.0,36.96,41.75,0.0
ORD-00085,2026-04-08,CUST-096,775.44,36.0,0.0,0.0,0.0,0.0,0.0
ORD-00086,2025-07-18,CUST-001,1911.77,80.0,0.0,0.0,33.6,0.0,0.0
ORD-00087,2026-04-16,CUST-043,771.02,42.0,7.71,0.0,17.64,0.0,0.0
ORD-00088,2025-09-18,CUST-081,1038.02,96.0,20.76,25.33,40.32,0.0,0.0
ORD-00089,2026-06-29,CUST-047,1308.08,78.0,13.08,0.0,32.76,0.0,0.0
ORD-00090,2026-03-30,CUST-010,642.03,49.0,28.89,0.0,20.58,12.84,0.0
ORD-00091,2026-01-24,CUST-031,625.88,24.0,28.16,0.0,0.0,0.0,0.0
ORD-00092,2025-07-28,CUST-038,296.15,31.0,2.96,0.0,0.0,0.0,0.0
ORD-00093,2025-08-28,CUST-016,809.17,49.0,0.0,0.0,20.58,0.0,0.0
ORD-00094,2025-07-02,CUST-117,886.51,56.0,0.0,0.0,23.52,17.73,0.0
ORD-00095,2026-01-01,CUST-091,1050.46,102.0,0.0,14.92,42.84,0.0,0.0
ORD-00096,2025-11-22,CUST-025,1227.14,125.0,18.41,16.57,52.5,0.0,0.0
ORD-00097,2026-06-16,CUST-026,1136.5,38.0,0.0,13.41,15.96,0.0,0.0
ORD-00098,2025-09-28,CUST-063,1213.61,92.0,54.61,0.0,38.64,0.0,0.0
ORD-00099,2026-04-30,CUST-084,598.48,62.0,5.98,5.09,0.0,0.0,0.0
ORD-00100,2025-10-23,CUST-030,856.05,62.0,0.0,18.41,0.0,0.0,0.0
ORD-00101,2026-02-08,CUST-095,1180.85,58.0,23.62,0.0,0.0,23.62,0.0
ORD-00102,2026-04-24,CUST-098,1169.97,62.0,0.0,0.0,0.0,11.7,0.0
ORD-00103,2025-09-17,CUST-101,791.2,35.0,35.6,0.0,14.7,0.0,0.0
ORD-00104,2025-07-18,CUST-066,1304.82,71.0,26.1,0.0,0.0,0.0,0.0
ORD-00105,2025-08-27,CUST-034,285.95,21.0,0.0,6.61,0.0,0.0,0.0
ORD-00106,2025-09-17,CUST-114,809.84,17.0,36.44,17.57,7.14,16.2,0.0
ORD-00107,2026-02-23,CUST-009,892.16,62.0,40.15,5.62,0.0,17.84,0.0
ORD-00108,2025-12-08,CUST-119,1060.38,56.0,21.21,8.48,0.0,0.0,0.0
ORD-00109,2026-01-15,CUST-009,2015.07,137.0,90.68,12.69,0.0,0.0,0.0
ORD-00110,2026-02-21,CUST-012,1216.17,52.0,54.73,0.0,0.0,0.0,0.0
ORD-00111,2025-09-15,CUST-104,777.8,62.0,11.67,0.0,26.04,15.56,83.65
ORD-00112,2026-06-20,CUST-093,702.6,41.0,0.0,0.0,0.0,0.0,0.0
ORD-00113,2025-07-28,CUST-026,1312.46,60.0,0.0,15.49,25.2,13.12,0.0
ORD-00114,2026-05-09,CUST-027,624.12,62.0,9.36,6.55,26.04,6.24,0.0
ORD-00115,2026-04-29,CUST-106,1628.71,71.0,32.57,0.0,0.0,0.0,0.0
ORD-00116,2025-12-19,CUST-012,589.22,45.0,26.51,0.0,0.0,0.0,0.0
ORD-00117,2025-10-24,CUST-084,218.2,16.0,2.18,1.85,0.0,0.0,0.0
ORD-00118,2025-11-19,CUST-015,3633.49,134.0,72.67,0.0,0.0,0.0,0.0
ORD-00119,2025-08-27,CUST-044,1908.76,108.0,0.0,0.0,0.0,38.18,0.0
ORD-00120,2025-09-12,CUST-070,405.96,16.0,0.0,0.0,0.0,0.0,0.0
ORD-00121,2025-10-11,CUST-110,889.96,50.0,0.0,0.0,0.0,17.8,0.0
ORD-00122,2026-06-21,CUST-059,930.26,37.0,18.61,0.0,15.54,18.61,0.0
ORD-00123,2025-08-22,CUST-109,831.22,44.0,16.62,6.32,0.0,0.0,0.0
ORD-00124,2025-10-16,CUST-041,1751.58,72.0,0.0,0.0,0.0,35.03,0.0
ORD-00125,2026-04-28,CUST-046,1514.23,61.0,68.14,0.0,0.0,0.0,0.0
ORD-00126,2025-09-25,CUST-089,2421.19,97.0,108.95,0.0,0.0,48.42,0.0
ORD-00127,2025-11-11,CUST-061,645.09,17.0,12.9,0.0,0.0,0.0,0.0
ORD-00128,2026-03-09,CUST-084,1050.39,45.0,10.5,8.93,0.0,0.0,0.0
ORD-00129,2025-12-30,CUST-045,1065.81,64.0,47.96,0.0,0.0,21.32,0.0
ORD-00130,2025-10-24,CUST-065,2183.3,80.0,43.67,0.0,0.0,0.0,0.0
ORD-00131,2026-02-08,CUST-103,1752.68,93.0,17.53,0.0,0.0,0.0,0.0
ORD-00132,2026-06-06,CUST-016,920.69,67.0,0.0,0.0,28.14,9.21,0.0
ORD-00133,2026-03-09,CUST-068,746.85,35.0,7.47,0.0,0.0,0.0,0.0
ORD-00134,2026-06-09,CUST-082,1025.41,62.0,10.25,0.0,0.0,0.0,0.0
ORD-00135,2025-08-21,CUST-085,1776.82,80.0,0.0,0.0,33.6,35.54,0.0
ORD-00136,2026-05-13,CUST-008,392.16,17.0,3.92,0.0,7.14,3.92,0.0
ORD-00137,2025-11-14,CUST-115,616.59,45.0,12.33,0.0,18.9,12.33,0.0
ORD-00138,2026-05-14,CUST-032,1996.72,77.0,39.93,0.0,32.34,0.0,0.0
ORD-00139,2026-03-11,CUST-015,2118.73,89.0,42.37,0.0,0.0,0.0,0.0
ORD-00140,2025-11-30,CUST-019,3811.75,94.0,38.12,0.0,39.48,0.0,0.0
ORD-00141,2026-04-18,CUST-052,565.7,33.0,0.0,0.0,13.86,0.0,0.0
ORD-00142,2026-06-10,CUST-034,898.19,60.0,0.0,20.75,0.0,0.0,0.0
ORD-00143,2025-12-02,CUST-024,1473.21,71.0,44.2,0.0,0.0,0.0,0.0
ORD-00144,2026-05-27,CUST-062,1143.37,78.0,34.3,0.0,0.0,0.0,0.0
ORD-00145,2025-08-02,CUST-062,2590.0,120.0,77.7,0.0,0.0,0.0,0.0
ORD-00146,2026-06-06,CUST-046,1523.16,66.0,68.54,0.0,0.0,0.0,0.0
ORD-00147,2026-04-05,CUST-077,1805.96,73.0,27.09,33.05,30.66,0.0,0.0
ORD-00148,2026-02-15,CUST-115,767.02,48.0,15.34,0.0,20.16,15.34,0.0
ORD-00149,2026-01-01,CUST-067,1970.08,50.0,0.0,0.0,0.0,0.0,0.0
ORD-00150,2025-10-17,CUST-015,1700.5,64.0,34.01,0.0,0.0,0.0,0.0
ORD-00151,2026-05-16,CUST-013,467.56,35.0,21.04,7.71,0.0,4.68,0.0
ORD-00152,2025-12-22,CUST-114,163.11,9.0,7.34,3.54,3.78,3.26,0.0
ORD-00153,2025-09-11,CUST-015,1983.96,66.0,39.68,0.0,0.0,39.68,0.0
ORD-00154,2026-05-20,CUST-120,1472.34,69.0,0.0,0.0,0.0,0.0,0.0
ORD-00155,2026-05-04,CUST-047,1368.34,64.0,13.68,0.0,26.88,0.0,0.0
ORD-00156,2025-09-04,CUST-009,1243.85,80.0,55.97,7.84,0.0,24.88,0.0
ORD-00157,2025-12-19,CUST-097,1475.83,92.0,14.76,0.0,0.0,29.52,0.0
ORD-00158,2026-05-01,CUST-015,1835.07,71.0,36.7,0.0,0.0,36.7,279.24
ORD-00159,2025-07-22,CUST-057,219.0,10.0,3.28,0.0,4.2,4.38,0.0
ORD-00160,2025-12-17,CUST-117,1273.58,67.0,0.0,0.0,28.14,25.47,0.0
ORD-00161,2026-06-05,CUST-058,801.71,45.0,36.08,17.32,0.0,0.0,0.0
ORD-00162,2026-03-20,CUST-006,282.0,29.0,4.23,0.0,0.0,5.64,0.0
ORD-00163,2026-06-15,CUST-040,373.74,43.0,16.82,3.14,0.0,0.0,0.0
ORD-00164,2025-12-29,CUST-077,1403.34,74.0,21.05,25.68,31.08,0.0,0.0
ORD-00165,2025-10-14,CUST-048,866.34,41.0,17.33,16.37,0.0,0.0,0.0
ORD-00166,2025-10-31,CUST-115,658.78,44.0,13.18,0.0,18.48,13.18,0.0
ORD-00167,2026-04-07,CUST-010,987.79,43.0,44.45,0.0,18.06,19.76,0.0
ORD-00168,2025-12-05,CUST-048,779.86,52.0,15.6,14.74,0.0,0.0,0.0
ORD-00169,2025-12-15,CUST-015,2700.22,84.0,54.0,0.0,0.0,0.0,345.36
ORD-00170,2026-02-05,CUST-041,1127.75,79.0,0.0,0.0,0.0,22.55,0.0
ORD-00171,2025-08-05,CUST-104,1002.59,57.0,15.04,0.0,23.94,20.05,0.0
ORD-00172,2025-07-20,CUST-049,1400.05,77.0,14.0,0.0,32.34,0.0,0.0
ORD-00173,2025-11-15,CUST-098,1198.58,63.0,0.0,0.0,0.0,0.0,0.0
ORD-00174,2025-08-21,CUST-044,154.49,8.0,0.0,0.0,0.0,0.0,0.0
ORD-00175,2026-01-28,CUST-059,630.79,33.0,12.62,0.0,13.86,12.62,0.0
ORD-00176,2025-09-25,CUST-104,2363.26,110.0,35.45,0.0,46.2,47.27,0.0
ORD-00177,2026-06-05,CUST-017,1045.46,54.0,10.45,18.4,22.68,0.0,0.0
ORD-00178,2025-07-27,CUST-084,897.23,84.0,8.97,7.63,0.0,0.0,0.0
ORD-00179,2025-10-16,CUST-107,1826.67,83.0,18.27,0.0,0.0,36.53,261.54
ORD-00180,2026-04-20,CUST-068,1011.19,58.0,10.11,0.0,0.0,0.0,0.0
ORD-00181,2025-09-02,CUST-013,887.74,49.0,39.95,14.65,0.0,0.0,0.0
ORD-00182,2025-11-11,CUST-064,1852.22,116.0,0.0,35.38,0.0,0.0,0.0
ORD-00183,2026-06-13,CUST-093,367.54,20.0,0.0,0.0,0.0,7.35,0.0
ORD-00184,2026-04-21,CUST-013,2602.84,83.0,117.13,42.95,0.0,0.0,0.0
ORD-00185,2026-01-08,CUST-047,1044.95,57.0,10.45,0.0,23.94,0.0,0.0
ORD-00186,2025-09-21,CUST-108,1150.54,48.0,34.52,0.0,0.0,23.01,0.0
ORD-00187,2026-03-19,CUST-073,857.96,49.0,17.16,4.63,0.0,0.0,0.0
ORD-00188,2025-12-03,CUST-077,1097.42,64.0,16.46,20.08,26.88,0.0,0.0
ORD-00189,2026-04-13,CUST-104,1523.98,105.0,22.86,0.0,44.1,30.48,0.0
ORD-00190,2026-06-02,CUST-002,606.3,23.0,6.06,5.15,0.0,0.0,0.0
ORD-00191,2026-04-18,CUST-021,675.81,42.0,0.0,0.0,0.0,0.0,0.0
ORD-00192,2025-11-14,CUST-064,2198.59,129.0,0.0,41.99,0.0,0.0,0.0
ORD-00193,2026-04-22,CUST-050,574.03,28.0,5.74,8.44,11.76,0.0,0.0
ORD-00194,2025-09-14,CUST-019,422.39,12.0,4.22,0.0,5.04,0.0,0.0
ORD-00195,2025-07-07,CUST-077,1357.41,79.0,20.36,24.84,33.18,0.0,0.0
ORD-00196,2026-04-04,CUST-037,994.37,65.0,29.83,18.5,0.0,19.89,0.0
ORD-00197,2026-06-15,CUST-021,596.51,41.0,0.0,0.0,0.0,0.0,0.0
ORD-00198,2025-09-17,CUST-011,976.82,38.0,19.54,0.0,0.0,0.0,0.0
ORD-00199,2026-03-20,CUST-055,980.85,43.0,44.14,0.0,18.06,19.62,0.0
ORD-00200,2026-01-11,CUST-119,427.07,22.0,8.54,3.42,0.0,8.54,0.0
ORD-00201,2026-03-26,CUST-104,1030.33,64.0,15.45,0.0,26.88,20.61,0.0
ORD-00202,2025-12-05,CUST-002,623.28,48.0,6.23,5.3,0.0,0.0,0.0
ORD-00203,2025-07-04,CUST-089,1354.88,41.0,60.97,0.0,0.0,27.1,0.0
ORD-00204,2025-11-03,CUST-024,791.79,47.0,23.75,0.0,0.0,15.84,0.0
ORD-00205,2026-05-17,CUST-010,889.54,58.0,40.03,0.0,24.36,0.0,0.0
ORD-00206,2026-01-18,CUST-085,1021.59,58.0,0.0,0.0,24.36,20.43,0.0
ORD-00207,2025-08-03,CUST-030,1117.81,61.0,0.0,24.03,0.0,0.0,0.0
ORD-00208,2025-07-09,CUST-044,2468.85,111.0,0.0,0.0,0.0,0.0,0.0
ORD-00209,2026-03-02,CUST-030,504.62,47.0,0.0,10.85,0.0,0.0,0.0
ORD-00210,2025-09-05,CUST-015,1329.12,51.0,26.58,0.0,0.0,0.0,0.0
ORD-00211,2026-01-20,CUST-027,234.1,14.0,3.51,2.46,5.88,2.34,0.0
ORD-00212,2026-06-14,CUST-053,978.78,72.0,0.0,0.0,30.24,0.0,0.0
ORD-00213,2025-09-11,CUST-107,1409.26,62.0,14.09,0.0,0.0,28.19,0.0
ORD-00214,2026-06-22,CUST-031,3149.61,75.0,141.73,0.0,0.0,31.5,0.0
ORD-00215,2025-08-26,CUST-045,1942.32,80.0,87.4,0.0,0.0,38.85,0.0
ORD-00216,2025-11-30,CUST-040,570.66,50.0,25.68,4.79,0.0,0.0,43.34
ORD-00217,2025-11-28,CUST-107,3715.17,140.0,37.15,0.0,0.0,0.0,0.0
ORD-00218,2026-06-02,CUST-098,2546.99,100.0,0.0,0.0,0.0,0.0,0.0
ORD-00219,2026-06-28,CUST-022,1519.08,83.0,0.0,22.03,34.86,15.19,0.0
ORD-00220,2025-08-06,CUST-064,1028.37,65.0,0.0,19.64,0.0,0.0,172.23
ORD-00221,2025-08-11,CUST-089,2751.48,75.0,123.82,0.0,0.0,55.03,0.0
ORD-00222,2026-04-01,CUST-049,1818.13,110.0,18.18,0.0,46.2,0.0,0.0
ORD-00223,2025-07-18,CUST-062,1489.52,76.0,44.69,0.0,0.0,0.0,0.0
ORD-00224,2025-11-15,CUST-036,1163.64,46.0,34.91,0.0,0.0,23.27,0.0
ORD-00225,2026-03-17,CUST-015,3068.79,99.0,61.38,0.0,0.0,61.38,0.0
ORD-00226,2026-03-28,CUST-016,664.97,51.0,0.0,0.0,21.42,6.65,0.0
ORD-00227,2025-09-03,CUST-065,791.58,50.0,15.83,0.0,0.0,0.0,0.0
ORD-00228,2025-08-25,CUST-071,887.38,35.0,0.0,0.0,14.7,0.0,0.0
ORD-00229,2026-04-23,CUST-107,460.74,14.0,4.61,0.0,0.0,9.21,0.0
ORD-00230,2025-12-08,CUST-104,2179.48,96.0,32.69,0.0,40.32,43.59,0.0
ORD-00231,2025-12-19,CUST-019,1484.45,52.0,14.84,0.0,21.84,0.0,0.0
ORD-00232,2025-10-01,CUST-064,1498.05,123.0,0.0,28.61,0.0,0.0,0.0
ORD-00233,2025-09-06,CUST-077,1180.48,75.0,17.71,21.6,31.5,0.0,0.0
ORD-00234,2025-10-28,CUST-101,338.28,6.0,15.22,0.0,2.52,3.38,0.0
ORD-00235,2025-11-15,CUST-104,2150.77,77.0,32.26,0.0,32.34,43.02,0.0
ORD-00236,2026-03-23,CUST-085,786.6,66.0,0.0,0.0,27.72,15.73,0.0
ORD-00237,2025-12-17,CUST-064,1260.49,88.0,0.0,24.08,0.0,0.0,0.0
ORD-00238,2026-04-13,CUST-027,533.04,37.0,8.0,5.6,15.54,5.33,0.0
ORD-00239,2025-09-29,CUST-084,1387.37,67.0,13.87,11.79,0.0,0.0,0.0
ORD-00240,2025-11-18,CUST-001,1336.26,46.0,0.0,0.0,19.32,0.0,0.0
ORD-00241,2025-11-29,CUST-022,865.56,60.0,0.0,12.55,25.2,0.0,0.0
ORD-00242,2025-10-04,CUST-077,1168.35,60.0,17.53,21.38,25.2,0.0,0.0
ORD-00243,2025-10-11,CUST-077,1267.98,103.0,19.02,23.2,43.26,0.0,0.0
ORD-00244,2026-01-20,CUST-022,394.09,37.0,0.0,5.71,15.54,3.94,0.0
ORD-00245,2026-01-03,CUST-102,904.23,45.0,18.08,0.0,0.0,0.0,0.0
ORD-00246,2025-11-18,CUST-062,2744.85,120.0,82.35,0.0,0.0,0.0,0.0
ORD-00247,2025-08-19,CUST-075,1835.46,48.0,0.0,0.0,0.0,0.0,0.0
ORD-00248,2025-09-18,CUST-058,899.46,52.0,40.48,19.43,0.0,0.0,0.0
ORD-00249,2025-09-27,CUST-058,491.45,56.0,22.12,10.62,0.0,0.0,0.0
ORD-00250,2026-02-22,CUST-021,2099.21,127.0,0.0,0.0,0.0,0.0,0.0
ORD-00251,2025-08-07,CUST-076,331.0,18.0,14.89,0.0,7.56,0.0,0.0
ORD-00252,2026-01-06,CUST-028,500.39,39.0,10.01,0.0,0.0,0.0,0.0
ORD-00253,2026-03-26,CUST-077,798.44,48.0,11.98,14.61,20.16,0.0,0.0
ORD-00254,2025-11-14,CUST-118,727.11,47.0,32.72,7.42,19.74,14.54,0.0
ORD-00255,2025-11-06,CUST-119,1217.8,64.0,24.36,9.74,0.0,24.36,0.0
ORD-00256,2026-01-19,CUST-024,661.68,33.0,19.85,0.0,0.0,0.0,0.0
ORD-00257,2025-12-09,CUST-100,66.5,5.0,1.33,0.0,0.0,0.0,0.0
ORD-00258,2026-04-13,CUST-043,1673.19,112.0,16.73,0.0,47.04,0.0,0.0
ORD-00259,2026-01-01,CUST-117,2718.75,170.0,0.0,0.0,71.4,54.38,0.0
ORD-00260,2026-05-31,CUST-064,1206.21,82.0,0.0,23.04,0.0,0.0,0.0
ORD-00261,2026-05-02,CUST-006,440.1,28.0,6.6,0.0,0.0,8.8,0.0
ORD-00262,2026-05-03,CUST-064,1504.33,100.0,0.0,28.73,0.0,0.0,0.0
ORD-00263,2026-03-05,CUST-065,940.46,46.0,18.81,0.0,0.0,0.0,0.0
ORD-00264,2025-10-08,CUST-120,1343.34,40.0,0.0,0.0,0.0,0.0,0.0
ORD-00265,2025-09-16,CUST-113,215.28,8.0,4.31,3.1,0.0,4.31,52.88
ORD-00266,2025-11-06,CUST-001,2483.32,75.0,0.0,0.0,31.5,0.0,0.0
ORD-00267,2025-12-22,CUST-105,2074.75,120.0,31.12,0.0,0.0,0.0,0.0
ORD-00268,2026-01-18,CUST-050,86.64,24.0,0.87,1.27,10.08,0.0,0.0
ORD-00269,2026-05-18,CUST-115,3167.51,133.0,63.35,0.0,55.86,63.35,0.0
ORD-00270,2025-08-21,CUST-099,1716.48,68.0,34.33,0.0,28.56,34.33,0.0
ORD-00271,2025-10-10,CUST-082,1952.74,104.0,19.53,0.0,0.0,0.0,0.0
ORD-00272,2026-06-25,CUST-017,1087.02,79.0,10.87,19.13,33.18,0.0,0.0
ORD-00273,2025-08-02,CUST-010,358.74,13.0,16.14,0.0,5.46,0.0,0.0
ORD-00274,2025-12-07,CUST-023,344.38,19.0,6.89,5.96,0.0,0.0,0.0
ORD-00275,2026-04-17,CUST-097,412.41,23.0,4.12,0.0,0.0,0.0,0.0
ORD-00276,2025-09-29,CUST-084,988.19,56.0,9.88,8.4,0.0,0.0,0.0
ORD-00277,2026-01-23,CUST-062,1828.63,115.0,54.86,0.0,0.0,0.0,0.0
ORD-00278,2026-04-02,CUST-024,1727.5,124.0,51.82,0.0,0.0,34.55,0.0
ORD-00279,2026-01-28,CUST-001,901.6,50.0,0.0,0.0,21.0,0.0,0.0
ORD-00280,2025-08-14,CUST-025,921.05,86.0,13.82,12.43,36.12,0.0,0.0
ORD-00281,2026-05-05,CUST-102,305.14,19.0,6.1,0.0,0.0,0.0,0.0
ORD-00282,2025-08-07,CUST-064,1366.31,73.0,0.0,26.1,0.0,0.0,0.0
ORD-00283,2025-09-19,CUST-044,1566.17,70.0,0.0,0.0,0.0,31.32,107.74
ORD-00284,2025-07-28,CUST-104,785.75,27.0,11.79,0.0,11.34,15.71,0.0
ORD-00285,2026-04-14,CUST-049,1945.77,100.0,19.46,0.0,42.0,0.0,0.0
ORD-00286,2025-12-04,CUST-030,1141.5,70.0,0.0,24.54,0.0,0.0,0.0
ORD-00287,2026-02-21,CUST-104,709.49,38.0,10.64,0.0,15.96,0.0,0.0
ORD-00288,2026-03-17,CUST-070,790.16,67.0,0.0,0.0,0.0,0.0,0.0
ORD-00289,2025-12-11,CUST-065,10.41,3.0,0.21,0.0,0.0,0.0,0.0
ORD-00290,2026-01-23,CUST-043,892.84,74.0,8.93,0.0,31.08,0.0,0.0
ORD-00291,2026-06-16,CUST-075,1481.92,85.0,0.0,0.0,0.0,0.0,0.0
ORD-00292,2025-09-04,CUST-083,142.6,11.0,0.0,1.98,0.0,1.43,0.0
ORD-00293,2025-12-12,CUST-018,3050.05,121.0,61.0,0.0,0.0,61.0,0.0
ORD-00294,2025-11-19,CUST-036,2022.13,64.0,60.66,0.0,0.0,40.44,0.0
ORD-00295,2025-10-15,CUST-099,880.94,41.0,17.62,0.0,17.22,0.0,0.0
ORD-00296,2025-07-04,CUST-019,320.81,22.0,3.21,0.0,9.24,0.0,0.0
ORD-00297,2025-11-07,CUST-064,2105.08,109.0,0.0,40.21,0.0,0.0,0.0
ORD-00298,2026-04-15,CUST-077,1876.44,98.0,28.15,34.34,41.16,0.0,0.0
ORD-00299,2026-03-14,CUST-105,241.49,13.0,3.62,0.0,0.0,0.0,0.0
ORD-00300,2026-03-25,CUST-114,765.66,37.0,34.45,16.61,15.54,15.31,0.0
ORD-00301,2025-07-13,CUST-098,1284.22,108.0,0.0,0.0,0.0,0.0,0.0
ORD-00302,2026-06-22,CUST-058,1151.77,71.0,51.83,24.88,0.0,0.0,0.0
ORD-00303,2026-03-26,CUST-003,707.06,32.0,21.21,10.82,0.0,14.14,0.0
ORD-00304,2025-07-06,CUST-084,291.62,16.0,2.92,2.48,0.0,0.0,0.0
ORD-00305,2025-09-04,CUST-018,1768.04,59.0,35.36,0.0,0.0,35.36,0.0
ORD-00306,2026-02-26,CUST-111,549.53,47.0,10.99,7.14,0.0,0.0,0.0
ORD-00307,2025-09-10,CUST-072,996.78,53.0,0.0,0.0,0.0,0.0,0.0
ORD-00308,2025-11-19,CUST-067,460.56,9.0,0.0,0.0,0.0,0.0,0.0
ORD-00309,2025-07-28,CUST-091,1247.29,71.0,0.0,17.71,29.82,0.0,0.0
ORD-00310,2026-03-26,CUST-053,1303.83,78.0,0.0,0.0,32.76,0.0,0.0
ORD-00311,2025-12-26,CUST-054,286.35,22.0,2.86,5.33,9.24,0.0,0.0
ORD-00312,2025-10-26,CUST-110,499.99,41.0,0.0,0.0,0.0,10.0,0.0
ORD-00313,2025-08-26,CUST-021,375.8,38.0,0.0,0.0,0.0,0.0,0.0
ORD-00314,2025-12-09,CUST-047,501.74,41.0,5.02,0.0,17.22,0.0,0.0
ORD-00315,2025-07-21,CUST-064,2161.63,105.0,0.0,41.29,0.0,0.0,0.0
ORD-00316,2025-09-14,CUST-034,692.97,34.0,0.0,16.01,0.0,0.0,0.0
ORD-00317,2025-07-16,CUST-059,590.78,48.0,11.82,0.0,20.16,11.82,0.0
ORD-00318,2026-06-17,CUST-046,2136.3,71.0,96.13,0.0,0.0,0.0,0.0
ORD-00319,2025-12-15,CUST-041,1068.05,53.0,0.0,0.0,0.0,21.36,0.0
ORD-00320,2025-11-07,CUST-005,1978.48,90.0,29.68,0.0,0.0,19.78,0.0
ORD-00321,2025-10-12,CUST-117,1874.9,104.0,0.0,0.0,43.68,37.5,0.0
ORD-00322,2026-01-16,CUST-030,2163.49,95.0,0.0,46.52,0.0,0.0,0.0
ORD-00323,2025-08-02,CUST-092,682.53,70.0,30.71,0.0,29.4,0.0,0.0
ORD-00324,2026-02-23,CUST-117,2140.45,98.0,0.0,0.0,41.16,42.81,0.0
ORD-00325,2025-07-27,CUST-044,1440.0,95.0,0.0,0.0,0.0,28.8,0.0
ORD-00326,2026-01-27,CUST-117,1394.05,74.0,0.0,0.0,31.08,27.88,0.0
ORD-00327,2025-11-18,CUST-061,460.53,26.0,9.21,0.0,0.0,9.21,0.0
ORD-00328,2025-11-16,CUST-117,1900.47,118.0,0.0,0.0,49.56,38.01,0.0
ORD-00329,2025-08-22,CUST-082,698.41,58.0,6.98,0.0,0.0,0.0,0.0
ORD-00330,2025-07-01,CUST-066,475.88,29.0,9.52,0.0,0.0,9.52,129.42
ORD-00331,2026-06-17,CUST-039,97.44,13.0,4.38,1.63,0.0,0.0,0.0
ORD-00332,2025-09-24,CUST-030,2046.57,110.0,0.0,44.0,0.0,0.0,0.0
ORD-00333,2026-03-09,CUST-007,784.69,39.0,11.77,0.0,0.0,0.0,0.0
ORD-00334,2026-03-16,CUST-015,1880.6,92.0,37.61,0.0,0.0,37.61,0.0
ORD-00335,2026-01-25,CUST-058,896.59,63.0,40.35,19.37,0.0,0.0,0.0
ORD-00336,2025-09-05,CUST-104,2187.57,103.0,32.81,0.0,43.26,0.0,0.0
ORD-00337,2025-09-11,CUST-086,2136.15,72.0,32.04,0.0,0.0,0.0,0.0
ORD-00338,2025-07-07,CUST-070,1164.18,48.0,0.0,0.0,0.0,0.0,0.0
ORD-00339,2025-09-19,CUST-021,1523.95,68.0,0.0,0.0,0.0,0.0,0.0
ORD-00340,2026-02-03,CUST-102,452.03,39.0,9.04,0.0,0.0,0.0,0.0
ORD-00341,2025-07-28,CUST-086,2382.93,80.0,35.74,0.0,0.0,23.83,0.0
ORD-00342,2026-05-24,CUST-019,1955.2,69.0,19.55,0.0,28.98,0.0,0.0
ORD-00343,2025-08-07,CUST-049,2679.4,137.0,26.79,0.0,57.54,0.0,0.0
ORD-00344,2025-07-30,CUST-048,938.55,76.0,18.77,17.74,0.0,18.77,0.0
ORD-00345,2025-10-13,CUST-058,1413.4,159.0,63.6,30.53,0.0,0.0,0.0
ORD-00346,2026-04-03,CUST-104,1148.53,67.0,17.23,0.0,28.14,0.0,0.0
ORD-00347,2026-05-19,CUST-022,452.1,21.0,0.0,6.56,8.82,0.0,0.0
ORD-00348,2026-05-16,CUST-030,762.94,58.0,0.0,16.4,0.0,0.0,0.0
ORD-00349,2025-07-20,CUST-025,1520.19,68.0,22.8,20.52,28.56,0.0,0.0
ORD-00350,2026-06-14,CUST-011,224.58,21.0,4.49,0.0,0.0,0.0,0.0
ORD-00351,2026-05-27,CUST-046,1372.58,70.0,61.77,0.0,0.0,0.0,0.0
ORD-00352,2026-05-14,CUST-021,1119.93,41.0,0.0,0.0,0.0,0.0,0.0
ORD-00353,2026-06-27,CUST-018,1113.24,67.0,22.26,0.0,0.0,22.26,0.0
ORD-00354,2025-07-03,CUST-010,699.63,73.0,31.48,0.0,30.66,13.99,0.0
ORD-00355,2025-08-02,CUST-017,1518.08,75.0,15.18,26.72,31.5,0.0,0.0
ORD-00356,2026-04-16,CUST-086,2829.01,75.0,42.44,0.0,0.0,28.29,0.0
ORD-00357,2026-04-25,CUST-056,371.88,14.0,3.72,0.0,0.0,0.0,0.0
ORD-00358,2026-02-24,CUST-115,727.09,84.0,14.54,0.0,35.28,14.54,0.0
ORD-00359,2025-07-13,CUST-045,391.09,36.0,17.6,0.0,0.0,7.82,0.0
ORD-00360,2025-10-15,CUST-047,2138.02,98.0,21.38,0.0,41.16,0.0,0.0
ORD-00361,2025-12-31,CUST-024,239.11,16.0,7.17,0.0,0.0,4.78,0.0
ORD-00362,2025-08-24,CUST-077,1470.34,100.0,22.06,26.91,42.0,0.0,0.0
ORD-00363,2026-01-28,CUST-098,512.8,48.0,0.0,0.0,0.0,5.13,0.0
ORD-00364,2026-06-26,CUST-056,1131.52,44.0,11.32,0.0,0.0,0.0,0.0
ORD-00365,2025-07-13,CUST-075,1423.35,72.0,0.0,0.0,0.0,0.0,0.0
ORD-00366,2026-01-29,CUST-081,681.63,21.0,13.63,16.63,8.82,0.0,0.0
ORD-00367,2026-03-21,CUST-082,999.12,46.0,9.99,0.0,0.0,9.99,0.0
ORD-00368,2025-08-12,CUST-115,556.57,44.0,11.13,0.0,18.48,11.13,0.0
ORD-00369,2026-04-06,CUST-103,1384.32,78.0,13.84,0.0,0.0,27.69,358.67
ORD-00370,2025-08-15,CUST-034,231.32,20.0,0.0,5.34,0.0,0.0,0.0
ORD-00371,2026-06-25,CUST-112,147.84,12.0,0.0,3.34,0.0,1.48,0.0
ORD-00372,2025-09-20,CUST-048,553.33,31.0,11.07,10.46,0.0,0.0,0.0
ORD-00373,2025-11-10,CUST-053,999.2,55.0,0.0,0.0,23.1,0.0,0.0
ORD-00374,2025-09-02,CUST-018,3964.51,126.0,79.29,0.0,0.0,79.29,0.0
ORD-00375,2026-04-28,CUST-043,1198.52,54.0,11.99,0.0,22.68,0.0,0.0
ORD-00376,2026-05-11,CUST-104,784.74,55.0,11.77,0.0,23.1,15.69,0.0
ORD-00377,2025-08-10,CUST-004,776.87,58.0,23.31,7.3,24.36,0.0,0.0
ORD-00378,2025-10-25,CUST-060,511.26,44.0,10.23,0.0,18.48,5.11,0.0
ORD-00379,2026-05-14,CUST-081,557.73,47.0,11.15,13.61,19.74,5.58,0.0
ORD-00380,2025-12-16,CUST-006,253.6,16.0,3.8,0.0,0.0,0.0,0.0
ORD-00381,2026-03-15,CUST-086,3824.32,146.0,57.36,0.0,0.0,38.24,0.0
ORD-00382,2026-03-21,CUST-068,795.52,46.0,7.96,0.0,0.0,0.0,0.0
ORD-00383,2025-09-06,CUST-021,1510.99,91.0,0.0,0.0,0.0,0.0,0.0
ORD-00384,2025-07-09,CUST-001,491.3,36.0,0.0,0.0,15.12,0.0,0.0
ORD-00385,2026-01-05,CUST-073,947.77,79.0,18.96,5.12,0.0,0.0,0.0
ORD-00386,2026-06-25,CUST-017,775.26,41.0,7.75,13.64,17.22,0.0,0.0
ORD-00387,2025-09-09,CUST-078,686.39,29.0,0.0,0.0,0.0,0.0,0.0
ORD-00388,2026-04-10,CUST-015,1371.42,49.0,27.43,0.0,0.0,27.43,0.0
ORD-00389,2026-01-08,CUST-097,568.44,47.0,5.68,0.0,0.0,11.37,0.0
ORD-00390,2026-02-27,CUST-034,451.91,22.0,0.0,10.44,0.0,0.0,0.0
ORD-00391,2025-09-16,CUST-031,802.68,29.0,36.12,0.0,0.0,8.03,0.0
ORD-00392,2026-01-20,CUST-012,973.76,38.0,43.82,0.0,0.0,0.0,0.0
ORD-00393,2025-11-15,CUST-098,1552.6,65.0,0.0,0.0,0.0,0.0,0.0
ORD-00394,2025-07-17,CUST-045,1193.23,55.0,53.7,0.0,0.0,0.0,0.0
ORD-00395,2025-10-08,CUST-028,419.94,18.0,8.4,0.0,0.0,0.0,0.0
ORD-00396,2026-01-17,CUST-017,1263.95,62.0,12.64,22.25,26.04,0.0,0.0
ORD-00397,2025-12-19,CUST-109,3581.1,81.0,71.62,27.22,0.0,0.0,0.0
ORD-00398,2025-12-24,CUST-015,270.27,29.0,5.41,0.0,0.0,5.41,0.0
ORD-00399,2026-03-26,CUST-010,989.49,79.0,44.53,0.0,33.18,19.79,111.55
ORD-00400,2026-04-24,CUST-062,675.57,65.0,20.27,0.0,0.0,0.0,0.0
ORD-00401,2026-06-22,CUST-037,1077.49,122.0,32.32,20.04,0.0,0.0,0.0
ORD-00402,2025-08-04,CUST-099,1469.03,55.0,29.38,0.0,23.1,0.0,0.0
ORD-00403,2026-02-08,CUST-048,1689.66,90.0,33.79,31.93,0.0,33.79,0.0
ORD-00404,2025-10-12,CUST-031,2110.87,76.0,94.99,0.0,0.0,21.11,0.0
ORD-00405,2026-05-01,CUST-048,454.24,28.0,9.08,8.59,0.0,9.08,0.0
ORD-00406,2025-11-13,CUST-120,895.36,36.0,0.0,0.0,0.0,0.0,0.0
ORD-00407,2025-09-24,CUST-045,1452.0,62.0,65.34,0.0,0.0,0.0,0.0
ORD-00408,2025-07-24,CUST-077,1615.87,79.0,24.24,29.57,33.18,0.0,0.0
ORD-00409,2026-05-12,CUST-086,1312.52,52.0,19.69,0.0,0.0,13.13,0.0
ORD-00410,2025-10-25,CUST-030,1696.83,93.0,0.0,36.48,0.0,0.0,0.0
ORD-00411,2026-05-13,CUST-099,1641.35,46.0,32.83,0.0,19.32,32.83,0.0
ORD-00412,2026-04-16,CUST-010,1001.47,43.0,45.07,0.0,18.06,20.03,0.0
ORD-00413,2026-05-14,CUST-108,294.84,17.0,8.85,0.0,0.0,5.9,0.0
ORD-00414,2026-02-01,CUST-077,1257.78,74.0,18.87,23.02,31.08,0.0,0.0
ORD-00415,2026-02-23,CUST-024,606.35,68.0,18.19,0.0,0.0,0.0,0.0
ORD-00416,2025-11-22,CUST-045,1649.52,67.0,74.23,0.0,0.0,0.0,0.0
ORD-00417,2025-08-21,CUST-114,367.79,28.0,16.55,7.98,11.76,7.36,0.0
ORD-00418,2025-12-30,CUST-088,2523.55,167.0,0.0,0.0,0.0,0.0,0.0
ORD-00419,2026-04-04,CUST-010,402.87,39.0,18.13,0.0,16.38,8.06,0.0
ORD-00420,2025-09-17,CUST-117,924.42,59.0,0.0,0.0,24.78,18.49,0.0
ORD-00421,2025-12-25,CUST-071,612.35,33.0,0.0,0.0,13.86,0.0,0.0
ORD-00422,2025-08-16,CUST-092,1124.64,68.0,50.61,0.0,28.56,0.0,0.0
ORD-00423,2026-01-01,CUST-008,1248.73,37.0,12.49,0.0,15.54,0.0,0.0
ORD-00424,2025-08-09,CUST-056,3003.75,81.0,30.04,0.0,0.0,30.04,0.0
ORD-00425,2025-11-06,CUST-073,1528.2,65.0,30.56,8.25,0.0,0.0,0.0
ORD-00426,2025-12-02,CUST-038,760.9,32.0,7.61,0.0,0.0,0.0,199.03
ORD-00427,2026-01-21,CUST-049,930.3,50.0,9.3,0.0,21.0,0.0,0.0
ORD-00428,2026-04-01,CUST-064,1743.04,110.0,0.0,33.29,0.0,0.0,0.0
ORD-00429,2025-07-30,CUST-064,2276.66,114.0,0.0,43.48,0.0,0.0,0.0
ORD-00430,2026-06-28,CUST-059,1072.88,60.0,21.46,0.0,25.2,21.46,0.0
ORD-00431,2025-08-18,CUST-066,1804.56,85.0,36.09,0.0,0.0,36.09,0.0
ORD-00432,2026-02-20,CUST-038,1025.2,56.0,10.25,0.0,0.0,0.0,132.83
ORD-00433,2025-12-25,CUST-015,1358.41,67.0,27.17,0.0,0.0,0.0,0.0
ORD-00434,2025-11-16,CUST-008,1374.85,63.0,13.75,0.0,26.46,13.75,0.0
ORD-00435,2025-10-27,CUST-021,451.46,25.0,0.0,0.0,0.0,0.0,0.0
ORD-00436,2025-12-08,CUST-018,1539.76,50.0,30.8,0.0,0.0,30.8,0.0
ORD-00437,2026-03-29,CUST-025,491.3,45.0,7.37,6.63,18.9,0.0,0.0
ORD-00438,2026-06-17,CUST-045,729.72,51.0,32.84,0.0,0.0,14.59,0.0
ORD-00439,2025-11-26,CUST-078,2149.06,119.0,0.0,0.0,0.0,0.0,0.0
ORD-00440,2025-09-20,CUST-062,2951.35,128.0,88.54,0.0,0.0,0.0,0.0
ORD-00441,2026-04-21,CUST-016,633.85,39.0,0.0,0.0,16.38,0.0,0.0
ORD-00442,2025-08-10,CUST-110,1253.75,69.0,0.0,0.0,0.0,25.07,0.0
ORD-00443,2025-08-09,CUST-081,1080.88,65.0,21.62,26.37,27.3,0.0,0.0
ORD-00444,2026-04-21,CUST-066,508.96,37.0,10.18,0.0,0.0,10.18,0.0
ORD-00445,2025-07-11,CUST-106,1243.6,70.0,24.87,0.0,0.0,0.0,0.0
ORD-00446,2026-05-15,CUST-070,1163.06,35.0,0.0,0.0,0.0,0.0,0.0
ORD-00447,2026-04-05,CUST-091,735.66,85.0,0.0,10.45,35.7,0.0,0.0
ORD-00448,2026-02-22,CUST-027,768.98,56.0,11.53,8.07,23.52,7.69,0.0
ORD-00449,2025-09-06,CUST-113,841.92,47.0,16.84,12.12,0.0,0.0,0.0
ORD-00450,2025-07-19,CUST-015,2031.09,118.0,40.62,0.0,0.0,40.62,0.0
ORD-00451,2025-12-11,CUST-064,1846.17,128.0,0.0,35.26,0.0,0.0,0.0
ORD-00452,2025-11-03,CUST-106,1908.24,105.0,38.16,0.0,0.0,38.16,0.0
ORD-00453,2025-08-16,CUST-064,2189.18,131.0,0.0,41.81,0.0,0.0,0.0
ORD-00454,2025-09-29,CUST-040,438.81,20.0,19.75,3.69,0.0,0.0,0.0
ORD-00455,2026-02-01,CUST-045,2268.58,155.0,102.09,0.0,0.0,0.0,0.0
ORD-00456,2025-11-05,CUST-018,2469.7,78.0,49.39,0.0,0.0,49.39,0.0
ORD-00457,2025-09-18,CUST-048,1180.58,91.0,23.61,22.31,0.0,0.0,0.0
ORD-00458,2026-01-29,CUST-058,579.67,21.0,26.09,12.52,0.0,0.0,0.0
ORD-00459,2025-12-21,CUST-025,747.93,43.0,11.22,10.1,18.06,0.0,0.0
ORD-00460,2026-03-03,CUST-010,1073.49,56.0,48.31,0.0,23.52,0.0,0.0
ORD-00461,2026-01-03,CUST-047,627.4,50.0,6.27,0.0,21.0,0.0,0.0
ORD-00462,2025-11-29,CUST-003,228.7,23.0,6.86,3.5,0.0,0.0,0.0
ORD-00463,2026-03-14,CUST-025,615.72,36.0,9.24,8.31,15.12,0.0,0.0
ORD-00464,2025-11-10,CUST-021,2046.67,146.0,0.0,0.0,0.0,0.0,0.0
ORD-00465,2025-08-12,CUST-049,2070.87,118.0,20.71,0.0,49.56,0.0,0.0
ORD-00466,2025-12-23,CUST-006,538.53,30.0,8.08,0.0,0.0,0.0,0.0
ORD-00467,2025-12-27,CUST-019,673.14,22.0,6.73,0.0,9.24,0.0,46.17
ORD-00468,2025-07-31,CUST-098,995.23,74.0,0.0,0.0,0.0,9.95,0.0
ORD-00469,2025-11-04,CUST-117,980.84,61.0,0.0,0.0,25.62,19.62,0.0
ORD-00470,2025-12-06,CUST-060,1031.57,49.0,20.63,0.0,20.58,10.32,0.0
ORD-00471,2025-11-18,CUST-103,977.34,53.0,9.77,0.0,0.0,19.55,0.0
ORD-00472,2025-07-26,CUST-078,927.4,53.0,0.0,0.0,0.0,0.0,0.0
ORD-00473,2025-09-26,CUST-030,263.28,24.0,0.0,5.66,0.0,0.0,0.0
ORD-00474,2025-12-12,CUST-064,1003.26,57.0,0.0,19.16,0.0,0.0,0.0
ORD-00475,2025-07-21,CUST-038,1238.36,69.0,12.38,0.0,0.0,0.0,0.0
ORD-00476,2025-08-28,CUST-095,636.29,23.0,12.73,0.0,0.0,0.0,0.0
ORD-00477,2025-10-01,CUST-070,770.04,40.0,0.0,0.0,0.0,0.0,0.0
ORD-00478,2025-12-31,CUST-001,1372.4,41.0,0.0,0.0,17.22,0.0,0.0
ORD-00479,2026-02-20,CUST-036,1046.53,68.0,31.4,0.0,0.0,20.93,0.0
ORD-00480,2025-11-03,CUST-069,890.47,78.0,13.36,0.0,32.76,8.9,0.0
ORD-00481,2026-01-21,CUST-091,1353.44,119.0,0.0,19.22,49.98,0.0,0.0
ORD-00482,2025-10-06,CUST-064,2474.89,141.0,0.0,47.27,0.0,0.0,0.0
ORD-00483,2025-12-21,CUST-077,1586.42,87.0,23.8,29.03,36.54,0.0,0.0
ORD-00484,2025-12-05,CUST-106,1108.8,41.0,22.18,0.0,0.0,22.18,0.0
ORD-00485,2026-03-06,CUST-041,1252.8,83.0,0.0,0.0,0.0,25.06,0.0
ORD-00486,2026-05-03,CUST-024,932.12,42.0,27.96,0.0,0.0,0.0,0.0
ORD-00487,2026-02-08,CUST-072,837.54,39.0,0.0,0.0,0.0,8.38,170.91
ORD-00488,2025-11-11,CUST-015,2821.83,130.0,56.44,0.0,0.0,56.44,0.0
ORD-00489,2026-06-29,CUST-034,436.51,30.0,0.0,10.08,0.0,0.0,0.0
ORD-00490,2025-09-04,CUST-049,2972.47,187.0,29.72,0.0,78.54,0.0,0.0
ORD-00491,2026-06-16,CUST-064,1285.94,94.0,0.0,24.56,0.0,0.0,0.0
ORD-00492,2026-03-06,CUST-050,403.96,24.0,4.04,5.94,10.08,0.0,0.0
ORD-00493,2026-03-29,CUST-007,1344.51,49.0,20.17,0.0,0.0,0.0,0.0
ORD-00494,2026-02-23,CUST-104,680.85,40.0,10.21,0.0,16.8,13.62,0.0
ORD-00495,2025-07-06,CUST-004,258.18,20.0,7.75,2.43,8.4,0.0,0.0
ORD-00496,2026-02-12,CUST-043,1330.91,76.0,13.31,0.0,31.92,0.0,0.0
ORD-00497,2025-09-07,CUST-064,703.51,47.0,0.0,13.44,0.0,0.0,0.0
ORD-00498,2026-03-17,CUST-011,1118.65,87.0,22.37,0.0,0.0,0.0,0.0
ORD-00499,2026-05-21,CUST-118,1100.03,62.0,49.5,11.22,26.04,0.0,0.0
ORD-00500,2026-03-31,CUST-084,954.92,103.0,9.55,8.12,0.0,0.0,0.0
ORD-00501,2025-09-21,CUST-112,256.24,27.0,0.0,5.79,0.0,2.56,0.0
ORD-00502,2025-10-11,CUST-119,1141.77,73.0,22.84,9.13,0.0,22.84,0.0
ORD-00503,2026-03-26,CUST-009,836.14,39.0,37.63,5.27,0.0,16.72,0.0
ORD-00504,2025-07-22,CUST-058,1281.71,65.0,57.68,27.68,0.0,0.0,0.0
ORD-00505,2025-07-07,CUST-036,1786.23,53.0,53.59,0.0,0.0,35.72,0.0
ORD-00506,2026-05-12,CUST-001,3159.54,105.0,0.0,0.0,44.1,0.0,0.0
ORD-00507,2026-03-14,CUST-058,1405.41,71.0,63.24,30.36,0.0,0.0,0.0
ORD-00508,2026-04-30,CUST-042,3135.83,146.0,0.0,0.0,0.0,0.0,0.0
ORD-00509,2025-07-04,CUST-099,2397.43,82.0,47.95,0.0,34.44,47.95,0.0
ORD-00510,2025-12-31,CUST-108,1171.95,39.0,35.16,0.0,0.0,23.44,0.0
ORD-00511,2025-12-14,CUST-055,774.86,32.0,34.87,0.0,13.44,15.5,0.0
ORD-00512,2026-04-21,CUST-117,1395.75,71.0,0.0,0.0,29.82,27.91,0.0
ORD-00513,2026-01-07,CUST-047,1080.36,58.0,10.8,0.0,24.36,0.0,0.0
ORD-00514,2025-10-12,CUST-030,2247.0,112.0,0.0,48.31,0.0,0.0,0.0
ORD-00515,2025-11-19,CUST-075,1975.66,65.0,0.0,0.0,0.0,0.0,0.0
ORD-00516,2025-11-16,CUST-118,498.52,42.0,22.43,5.08,17.64,9.97,0.0
ORD-00517,2026-03-22,CUST-057,189.56,8.0,2.84,0.0,3.36,3.79,0.0
ORD-00518,2026-03-15,CUST-098,2845.09,91.0,0.0,0.0,0.0,28.45,0.0
ORD-00519,2025-09-17,CUST-038,1179.83,46.0,11.8,0.0,0.0,0.0,0.0
ORD-00520,2026-02-05,CUST-071,668.27,24.0,0.0,0.0,10.08,0.0,0.0
ORD-00521,2026-01-16,CUST-036,1530.54,65.0,45.92,0.0,0.0,30.61,0.0
ORD-00522,2026-04-22,CUST-031,1359.09,54.0,61.16,0.0,0.0,0.0,0.0
ORD-00523,2026-04-10,CUST-098,1615.81,67.0,0.0,0.0,0.0,16.16,0.0
ORD-00524,2026-04-08,CUST-049,1073.78,53.0,10.74,0.0,22.26,0.0,0.0
ORD-00525,2025-11-10,CUST-092,156.64,11.0,7.05,0.0,4.62,0.0,0.0
ORD-00526,2026-06-25,CUST-015,2116.82,88.0,42.34,0.0,0.0,42.34,0.0
ORD-00527,2025-12-13,CUST-044,644.99,40.0,0.0,0.0,0.0,12.9,0.0
ORD-00528,2025-07-14,CUST-049,2103.93,98.0,21.04,0.0,41.16,0.0,0.0
ORD-00529,2026-04-11,CUST-117,1210.36,91.0,0.0,0.0,38.22,24.21,0.0
ORD-00530,2026-04-05,CUST-063,502.53,35.0,22.61,0.0,14.7,0.0,0.0
ORD-00531,2025-10-03,CUST-037,961.16,52.0,28.83,17.88,0.0,19.22,0.0
ORD-00532,2025-11-27,CUST-079,1879.76,83.0,37.6,0.0,0.0,37.6,0.0
ORD-00533,2025-10-27,CUST-016,143.02,13.0,0.0,0.0,5.46,0.0,0.0
ORD-00534,2025-08-01,CUST-013,437.98,33.0,19.71,7.23,0.0,0.0,0.0
ORD-00535,2025-08-12,CUST-090,1747.84,65.0,34.96,0.0,0.0,34.96,0.0
ORD-00536,2026-05-17,CUST-048,522.24,23.0,10.44,9.87,0.0,0.0,0.0
ORD-00537,2025-11-03,CUST-115,455.88,32.0,9.12,0.0,13.44,9.12,0.0
ORD-00538,2026-01-28,CUST-081,1103.4,71.0,22.07,26.92,29.82,0.0,0.0
ORD-00539,2025-09-23,CUST-051,393.89,40.0,5.91,8.55,0.0,0.0,111.25
ORD-00540,2026-06-25,CUST-089,1175.63,54.0,52.9,0.0,0.0,23.51,0.0
ORD-00541,2026-02-13,CUST-061,1266.51,72.0,25.33,0.0,0.0,25.33,0.0
ORD-00542,2025-10-19,CUST-108,418.33,22.0,12.55,0.0,0.0,8.37,0.0
ORD-00543,2026-06-01,CUST-063,784.19,64.0,35.29,0.0,26.88,0.0,0.0
ORD-00544,2025-12-18,CUST-104,1789.93,90.0,26.85,0.0,37.8,0.0,0.0
ORD-00545,2026-04-05,CUST-001,514.81,24.0,0.0,0.0,10.08,0.0,0.0
ORD-00546,2026-02-04,CUST-085,540.08,37.0,0.0,0.0,15.54,10.8,0.0
ORD-00547,2026-02-20,CUST-084,1443.54,106.0,14.44,12.27,0.0,0.0,0.0
ORD-00548,2026-04-02,CUST-041,746.98,46.0,0.0,0.0,0.0,14.94,0.0
ORD-00549,2025-10-20,CUST-077,756.71,51.0,11.35,13.85,21.42,0.0,0.0
ORD-00550,2026-05-21,CUST-084,607.05,57.0,6.07,5.16,0.0,0.0,0.0
ORD-00551,2026-04-04,CUST-077,1423.23,81.0,21.35,26.05,34.02,0.0,0.0
ORD-00552,2026-01-15,CUST-116,1440.38,90.0,64.82,26.65,0.0,0.0,0.0
ORD-00553,2026-05-30,CUST-009,1045.08,50.0,47.03,6.58,0.0,20.9,0.0
ORD-00554,2026-05-21,CUST-099,1706.17,53.0,34.12,0.0,22.26,34.12,0.0
ORD-00555,2026-03-10,CUST-064,1508.37,89.0,0.0,28.81,0.0,0.0,0.0
ORD-00556,2025-09-11,CUST-061,568.14,26.0,11.36,0.0,0.0,11.36,0.0
ORD-00557,2026-02-23,CUST-018,1192.11,34.0,23.84,0.0,0.0,23.84,0.0
ORD-00558,2026-03-28,CUST-062,1876.76,88.0,56.3,0.0,0.0,0.0,0.0
ORD-00559,2025-07-15,CUST-091,1206.61,59.0,0.0,17.13,24.78,0.0,0.0
ORD-00560,2025-09-27,CUST-098,1190.75,69.0,0.0,0.0,0.0,11.91,0.0
ORD-00561,2025-08-13,CUST-047,2203.31,120.0,22.03,0.0,50.4,0.0,0.0
ORD-00562,2026-05-01,CUST-045,581.79,35.0,26.18,0.0,0.0,0.0,0.0
ORD-00563,2026-05-17,CUST-045,2226.07,115.0,100.17,0.0,0.0,44.52,0.0
ORD-00564,2026-01-03,CUST-036,1943.45,72.0,58.3,0.0,0.0,38.87,0.0
ORD-00565,2026-01-12,CUST-089,1714.94,54.0,77.17,0.0,0.0,34.3,0.0
ORD-00566,2025-10-27,CUST-094,1459.34,53.0,29.19,0.0,22.26,0.0,0.0
ORD-00567,2025-09-04,CUST-056,2007.3,97.0,20.07,0.0,0.0,0.0,0.0
ORD-00568,2025-12-09,CUST-070,719.07,50.0,0.0,0.0,0.0,0.0,0.0
ORD-00569,2026-04-14,CUST-028,748.88,40.0,14.98,0.0,0.0,0.0,0.0
ORD-00570,2025-08-31,CUST-024,454.4,30.0,13.63,0.0,0.0,9.09,0.0
ORD-00571,2025-08-04,CUST-043,331.16,29.0,3.31,0.0,12.18,0.0,0.0
ORD-00572,2026-05-15,CUST-044,606.4,63.0,0.0,0.0,0.0,12.13,0.0
ORD-00573,2026-05-15,CUST-026,14.84,2.0,0.0,0.18,0.84,0.0,0.0
ORD-00574,2026-06-27,CUST-117,1828.53,86.0,0.0,0.0,36.12,0.0,0.0
ORD-00575,2025-12-14,CUST-017,1331.62,56.0,13.32,23.44,23.52,0.0,0.0
ORD-00576,2026-02-08,CUST-005,1413.79,50.0,21.21,0.0,0.0,14.14,0.0
ORD-00577,2026-02-04,CUST-031,1727.82,68.0,77.75,0.0,0.0,17.28,0.0
ORD-00578,2026-05-25,CUST-084,441.74,24.0,4.42,3.75,0.0,0.0,0.0
ORD-00579,2025-12-14,CUST-049,2347.27,132.0,23.47,0.0,55.44,0.0,0.0
ORD-00580,2025-08-13,CUST-086,960.94,32.0,14.41,0.0,0.0,0.0,0.0
ORD-00581,2025-10-22,CUST-018,2165.23,67.0,43.3,0.0,0.0,43.3,0.0
ORD-00582,2026-06-30,CUST-101,1828.11,72.0,82.26,0.0,30.24,0.0,0.0
ORD-00583,2025-10-11,CUST-117,1653.06,115.0,0.0,0.0,48.3,33.06,0.0
ORD-00584,2025-10-01,CUST-030,672.69,49.0,0.0,14.46,0.0,0.0,0.0
ORD-00585,2026-01-28,CUST-103,1988.4,62.0,19.88,0.0,0.0,0.0,0.0
ORD-00586,2025-08-08,CUST-079,1447.62,69.0,28.95,0.0,0.0,28.95,0.0
ORD-00587,2025-10-09,CUST-045,3704.59,129.0,166.71,0.0,0.0,74.09,0.0
ORD-00588,2025-09-16,CUST-111,104.65,5.0,2.09,1.36,0.0,0.0,0.0
ORD-00589,2026-05-13,CUST-094,774.52,20.0,15.49,0.0,8.4,0.0,0.0
ORD-00590,2025-07-16,CUST-019,1519.33,48.0,15.19,0.0,20.16,0.0,0.0
ORD-00591,2026-01-31,CUST-034,787.74,44.0,0.0,18.2,0.0,0.0,0.0
ORD-00592,2026-05-28,CUST-009,754.47,36.0,33.95,4.75,0.0,15.09,0.0
ORD-00593,2025-11-26,CUST-086,2368.33,73.0,35.52,0.0,0.0,23.68,0.0
ORD-00594,2025-09-23,CUST-063,1743.52,107.0,78.46,0.0,44.94,0.0,0.0
ORD-00595,2026-02-03,CUST-073,808.71,48.0,16.17,4.37,0.0,0.0,0.0
ORD-00596,2025-09-13,CUST-111,1058.72,72.0,21.17,13.76,0.0,10.59,0.0
ORD-00597,2026-03-06,CUST-106,1446.64,92.0,28.93,0.0,0.0,28.93,0.0
ORD-00598,2026-03-16,CUST-015,819.08,39.0,16.38,0.0,0.0,16.38,0.0
ORD-00599,2026-05-29,CUST-072,880.07,56.0,0.0,0.0,0.0,0.0,0.0
ORD-00600,2025-11-12,CUST-073,617.61,48.0,12.35,3.34,0.0,0.0,0.0
ORD-00601,2026-04-01,CUST-104,793.9,75.0,11.91,0.0,31.5,15.88,0.0
ORD-00602,2026-06-30,CUST-006,1942.12,74.0,29.13,0.0,0.0,38.84,0.0
ORD-00603,2026-02-05,CUST-025,1090.01,61.0,16.35,14.72,25.62,0.0,0.0
ORD-00604,2026-01-28,CUST-086,1130.38,45.0,16.96,0.0,0.0,0.0,0.0
ORD-00605,2026-05-17,CUST-011,532.31,45.0,10.65,0.0,0.0,0.0,167.43
ORD-00606,2026-06-18,CUST-097,298.45,17.0,2.98,0.0,0.0,5.97,0.0
ORD-00607,2025-11-11,CUST-115,604.9,54.0,12.1,0.0,22.68,12.1,0.0
ORD-00608,2025-08-18,CUST-023,559.9,44.0,11.2,9.69,0.0,0.0,0.0
ORD-00609,2025-10-27,CUST-108,1426.53,74.0,42.8,0.0,0.0,28.53,0.0
ORD-00610,2025-12-22,CUST-086,1185.09,52.0,17.78,0.0,0.0,11.85,0.0
ORD-00611,2025-07-25,CUST-012,1415.66,51.0,63.7,0.0,0.0,0.0,0.0
ORD-00612,2026-02-15,CUST-026,473.43,29.0,0.0,5.59,12.18,4.73,164.14
ORD-00613,2025-08-10,CUST-102,438.58,34.0,8.77,0.0,0.0,0.0,0.0
ORD-00614,2025-07-27,CUST-021,967.41,54.0,0.0,0.0,0.0,0.0,0.0
ORD-00615,2025-07-06,CUST-089,383.2,14.0,17.24,0.0,0.0,7.66,0.0
ORD-00616,2026-06-04,CUST-021,2148.33,129.0,0.0,0.0,0.0,0.0,0.0
ORD-00617,2025-11-13,CUST-104,1793.96,141.0,26.91,0.0,59.22,35.88,0.0
ORD-00618,2026-04-22,CUST-116,1661.68,100.0,74.78,30.74,0.0,0.0,0.0
ORD-00619,2025-07-10,CUST-043,472.85,32.0,4.73,0.0,13.44,0.0,0.0
ORD-00620,2026-03-05,CUST-102,354.39,32.0,7.09,0.0,0.0,0.0,0.0
ORD-00621,2026-03-16,CUST-067,1828.68,61.0,0.0,0.0,0.0,0.0,0.0
ORD-00622,2026-05-06,CUST-062,2349.28,122.0,70.48,0.0,0.0,0.0,543.1
ORD-00623,2026-05-09,CUST-017,1171.39,55.0,11.71,20.62,23.1,0.0,0.0
ORD-00624,2026-02-18,CUST-053,259.55,22.0,0.0,0.0,9.24,0.0,0.0
ORD-00625,2025-11-15,CUST-098,1779.48,91.0,0.0,0.0,0.0,17.79,0.0
ORD-00626,2026-03-13,CUST-064,2371.43,121.0,0.0,45.29,0.0,0.0,0.0
ORD-00627,2025-10-19,CUST-024,1059.95,44.0,31.8,0.0,0.0,21.2,0.0
ORD-00628,2026-01-21,CUST-044,1142.36,47.0,0.0,0.0,0.0,0.0,0.0
ORD-00629,2026-05-03,CUST-063,430.9,31.0,19.39,0.0,13.02,0.0,0.0
ORD-00630,2025-12-29,CUST-051,98.25,5.0,1.47,2.13,0.0,1.97,0.0
ORD-00631,2025-07-25,CUST-013,1038.68,56.0,46.74,17.14,0.0,0.0,0.0
ORD-00632,2025-08-19,CUST-041,302.16,18.0,0.0,0.0,0.0,0.0,83.76
ORD-00633,2026-04-17,CUST-054,28.95,3.0,0.29,0.54,1.26,0.58,0.0
ORD-00634,2026-03-25,CUST-046,439.29,18.0,19.77,0.0,0.0,0.0,0.0
ORD-00635,2025-08-28,CUST-064,1294.11,132.0,0.0,24.72,0.0,0.0,0.0
ORD-00636,2025-10-21,CUST-117,1064.83,74.0,0.0,0.0,31.08,21.3,0.0
ORD-00637,2025-09-17,CUST-017,431.6,25.0,4.32,7.6,10.5,0.0,0.0
ORD-00638,2025-08-06,CUST-117,1601.53,61.0,0.0,0.0,25.62,32.03,0.0
ORD-00639,2025-10-22,CUST-055,1370.08,53.0,61.65,0.0,22.26,27.4,0.0
ORD-00640,2025-10-28,CUST-030,779.92,41.0,0.0,16.77,0.0,0.0,0.0
ORD-00641,2026-05-28,CUST-072,677.85,62.0,0.0,0.0,0.0,6.78,0.0
ORD-00642,2026-05-08,CUST-092,496.9,22.0,22.36,0.0,9.24,0.0,0.0
ORD-00643,2026-05-02,CUST-064,2429.69,151.0,0.0,46.41,0.0,0.0,0.0
ORD-00644,2025-08-02,CUST-060,379.85,26.0,7.6,0.0,10.92,0.0,0.0
ORD-00645,2025-12-23,CUST-077,2497.24,150.0,37.46,45.7,63.0,0.0,0.0
ORD-00646,2026-03-18,CUST-024,1423.93,74.0,42.72,0.0,0.0,28.48,0.0
ORD-00647,2025-08-26,CUST-104,1849.15,129.0,27.74,0.0,54.18,0.0,0.0
ORD-00648,2026-02-04,CUST-050,310.98,26.0,3.11,4.57,10.92,0.0,0.0
ORD-00649,2026-01-28,CUST-018,2347.64,73.0,46.95,0.0,0.0,46.95,0.0
ORD-00650,2026-02-23,CUST-101,565.9,25.0,25.47,0.0,10.5,0.0,0.0
ORD-00651,2026-01-05,CUST-106,1235.11,84.0,24.7,0.0,0.0,24.7,0.0
ORD-00652,2026-06-09,CUST-010,996.6,53.0,44.85,0.0,22.26,19.93,0.0
ORD-00653,2025-10-29,CUST-034,770.79,53.0,0.0,17.81,0.0,0.0,0.0
ORD-00654,2026-05-09,CUST-063,1184.91,60.0,53.32,0.0,25.2,0.0,0.0
ORD-00655,2025-11-22,CUST-062,1994.57,93.0,59.84,0.0,0.0,0.0,0.0
ORD-00656,2025-11-29,CUST-046,1446.78,68.0,65.11,0.0,0.0,0.0,0.0
ORD-00657,2025-09-15,CUST-081,1120.79,82.0,22.42,27.35,34.44,0.0,0.0
ORD-00658,2025-11-21,CUST-055,3774.7,83.0,169.86,0.0,34.86,75.49,0.0
ORD-00659,2025-11-06,CUST-058,1402.32,71.0,63.1,30.29,0.0,0.0,0.0
ORD-00660,2026-03-10,CUST-044,1290.62,81.0,0.0,0.0,0.0,25.81,0.0
ORD-00661,2025-09-26,CUST-015,2468.53,90.0,49.37,0.0,0.0,49.37,138.27
ORD-00662,2025-08-27,CUST-049,2267.43,143.0,22.67,0.0,60.06,0.0,0.0
ORD-00663,2026-06-12,CUST-031,2594.36,81.0,116.75,0.0,0.0,0.0,0.0
ORD-00664,2026-03-11,CUST-073,1363.18,66.0,27.26,7.36,0.0,0.0,0.0
ORD-00665,2026-02-14,CUST-022,680.23,47.0,0.0,9.86,19.74,6.8,0.0
ORD-00666,2026-03-28,CUST-037,930.42,27.0,27.91,17.31,0.0,18.61,0.0
ORD-00667,2025-09-06,CUST-017,807.17,39.0,8.07,14.21,16.38,0.0,0.0
ORD-00668,2026-03-07,CUST-024,687.86,50.0,20.64,0.0,0.0,13.76,0.0
ORD-00669,2025-07-22,CUST-053,1199.34,102.0,0.0,0.0,42.84,0.0,0.0
ORD-00670,2025-11-02,CUST-118,950.02,61.0,42.75,9.69,25.62,19.0,0.0
ORD-00671,2026-02-17,CUST-077,585.42,50.0,8.78,10.71,21.0,0.0,0.0
ORD-00672,2026-04-12,CUST-059,1513.0,55.0,30.26,0.0,23.1,30.26,0.0
ORD-00673,2026-02-10,CUST-110,3071.36,142.0,0.0,0.0,0.0,61.43,0.0
ORD-00674,2026-03-09,CUST-077,924.64,79.0,13.87,16.92,33.18,0.0,221.49
ORD-00675,2025-10-13,CUST-009,1944.63,94.0,87.51,12.25,0.0,0.0,0.0
ORD-00676,2026-06-29,CUST-097,2468.97,110.0,24.69,0.0,0.0,49.38,0.0
ORD-00677,2025-10-28,CUST-117,659.13,55.0,0.0,0.0,23.1,13.18,0.0
ORD-00678,2025-07-29,CUST-090,36.8,10.0,0.74,0.0,0.0,0.0,0.0
ORD-00679,2026-01-21,CUST-009,1055.95,67.0,47.52,6.65,0.0,21.12,0.0
ORD-00680,2025-12-30,CUST-089,1539.05,44.0,69.26,0.0,0.0,30.78,0.0
ORD-00681,2026-02-10,CUST-049,858.22,73.0,8.58,0.0,30.66,0.0,0.0
ORD-00682,2025-11-08,CUST-062,2268.42,133.0,68.05,0.0,0.0,0.0,0.0
ORD-00683,2025-07-18,CUST-098,1277.01,65.0,0.0,0.0,0.0,12.77,0.0
ORD-00684,2025-07-24,CUST-081,1699.27,119.0,33.99,41.46,49.98,16.99,0.0
ORD-00685,2026-04-04,CUST-106,1181.55,120.0,23.63,0.0,0.0,23.63,0.0
ORD-00686,2025-12-03,CUST-057,952.92,77.0,14.29,0.0,32.34,0.0,0.0
ORD-00687,2025-10-13,CUST-109,811.28,32.0,16.23,6.17,0.0,0.0,0.0
ORD-00688,2026-01-30,CUST-091,2037.87,98.0,0.0,28.94,41.16,0.0,0.0
ORD-00689,2025-10-08,CUST-098,1641.62,79.0,0.0,0.0,0.0,16.42,0.0
ORD-00690,2025-10-16,CUST-046,1794.09,71.0,80.73,0.0,0.0,0.0,0.0
ORD-00691,2025-07-07,CUST-074,673.39,46.0,10.1,0.0,19.32,13.47,0.0
ORD-00692,2025-10-14,CUST-004,1696.11,87.0,50.88,15.94,36.54,0.0,0.0
ORD-00693,2025-07-06,CUST-017,588.93,41.0,5.89,10.37,17.22,0.0,0.0
ORD-00694,2026-02-12,CUST-108,833.19,34.0,25.0,0.0,0.0,16.66,263.47
ORD-00695,2025-10-13,CUST-115,759.02,29.0,15.18,0.0,12.18,0.0,0.0
ORD-00696,2026-01-02,CUST-046,4409.0,154.0,198.41,0.0,0.0,0.0,0.0
ORD-00697,2026-02-13,CUST-030,996.81,75.0,0.0,21.43,0.0,0.0,0.0
ORD-00698,2025-11-19,CUST-034,1525.74,114.0,0.0,35.24,0.0,0.0,0.0
ORD-00699,2026-01-08,CUST-074,1808.37,74.0,27.13,0.0,31.08,36.17,0.0
ORD-00700,2025-07-04,CUST-033,565.48,40.0,8.48,8.54,16.8,0.0,0.0
ORD-00701,2026-06-08,CUST-017,2060.39,91.0,20.6,36.26,38.22,0.0,0.0
ORD-00702,2025-07-07,CUST-106,728.15,37.0,14.56,0.0,0.0,14.56,0.0
ORD-00703,2025-12-18,CUST-098,1506.42,93.0,0.0,0.0,0.0,15.06,0.0
ORD-00704,2026-04-07,CUST-115,253.68,53.0,5.07,0.0,22.26,0.0,0.0
ORD-00705,2026-01-03,CUST-019,1295.1,83.0,12.95,0.0,34.86,0.0,0.0
ORD-00706,2026-06-30,CUST-086,1602.76,89.0,24.04,0.0,0.0,16.03,0.0
ORD-00707,2026-04-05,CUST-060,1432.34,75.0,28.65,0.0,31.5,14.32,0.0
ORD-00708,2025-09-15,CUST-099,901.35,44.0,18.03,0.0,18.48,18.03,0.0
ORD-00709,2025-08-18,CUST-049,3080.24,119.0,30.8,0.0,49.98,0.0,0.0
ORD-00710,2026-06-29,CUST-009,1367.22,49.0,61.52,8.61,0.0,27.34,0.0
ORD-00711,2026-02-16,CUST-079,509.05,28.0,10.18,0.0,0.0,10.18,0.0
ORD-00712,2025-10-10,CUST-070,2387.35,99.0,0.0,0.0,0.0,0.0,0.0
ORD-00713,2025-11-04,CUST-010,295.89,23.0,13.32,0.0,9.66,5.92,0.0
ORD-00714,2026-01-04,CUST-059,661.68,28.0,13.23,0.0,11.76,0.0,0.0
ORD-00715,2026-05-13,CUST-032,1339.64,79.0,26.79,0.0,33.18,0.0,0.0
ORD-00716,2026-02-20,CUST-091,1318.43,105.0,0.0,18.72,44.1,0.0,0.0
ORD-00717,2026-03-03,CUST-062,1519.78,96.0,45.59,0.0,0.0,0.0,0.0
ORD-00718,2025-10-19,CUST-030,1071.9,65.0,0.0,23.05,0.0,0.0,0.0
ORD-00719,2025-09-11,CUST-088,222.42,22.0,0.0,0.0,0.0,4.45,0.0
ORD-00720,2026-01-18,CUST-095,1027.19,73.0,20.54,0.0,0.0,0.0,0.0
ORD-00721,2025-12-24,CUST-115,2087.07,87.0,41.74,0.0,36.54,41.74,0.0
ORD-00722,2026-05-03,CUST-032,489.72,12.0,9.79,0.0,5.04,0.0,0.0
ORD-00723,2026-03-14,CUST-062,1304.7,73.0,39.14,0.0,0.0,0.0,0.0
ORD-00724,2026-01-16,CUST-078,1658.14,60.0,0.0,0.0,0.0,0.0,0.0
ORD-00725,2026-01-12,CUST-074,634.36,62.0,9.52,0.0,26.04,0.0,0.0
ORD-00726,2025-07-29,CUST-109,448.45,24.0,8.97,3.41,0.0,0.0,0.0
ORD-00727,2026-06-13,CUST-018,4776.63,137.0,95.53,0.0,0.0,0.0,0.0
ORD-00728,2025-12-18,CUST-006,1624.9,96.0,24.37,0.0,0.0,32.5,0.0
ORD-00729,2026-05-04,CUST-106,1044.3,66.0,20.89,0.0,0.0,20.89,0.0
ORD-00730,2026-06-05,CUST-117,1144.05,101.0,0.0,0.0,42.42,22.88,0.0
ORD-00731,2026-02-07,CUST-115,1512.99,66.0,30.26,0.0,27.72,30.26,0.0
ORD-00732,2025-10-08,CUST-077,1907.6,102.0,28.61,34.91,42.84,0.0,0.0
ORD-00733,2026-05-27,CUST-077,1346.64,83.0,20.2,24.64,34.86,0.0,0.0
ORD-00734,2025-08-01,CUST-022,550.19,51.0,0.0,7.98,21.42,5.5,0.0
ORD-00735,2025-11-20,CUST-085,1044.6,47.0,0.0,0.0,19.74,20.89,0.0
ORD-00736,2025-09-10,CUST-106,396.59,20.0,7.93,0.0,0.0,7.93,0.0
ORD-00737,2026-01-24,CUST-079,981.26,34.0,19.63,0.0,0.0,19.63,0.0
ORD-00738,2026-01-06,CUST-002,1218.0,67.0,12.18,10.35,0.0,0.0,0.0
ORD-00739,2025-08-26,CUST-081,643.68,32.0,12.87,15.71,13.44,6.44,0.0
ORD-00740,2026-05-24,CUST-056,862.79,48.0,8.63,0.0,0.0,8.63,0.0
ORD-00741,2025-10-31,CUST-093,841.18,45.0,0.0,0.0,0.0,16.82,0.0
ORD-00742,2025-09-04,CUST-049,1628.41,114.0,16.28,0.0,47.88,0.0,0.0
ORD-00743,2025-12-28,CUST-071,1027.2,49.0,0.0,0.0,20.58,0.0,0.0
ORD-00744,2026-04-22,CUST-062,1105.56,54.0,33.17,0.0,0.0,0.0,0.0
ORD-00745,2026-02-10,CUST-086,616.77,27.0,9.25,0.0,0.0,6.17,0.0
ORD-00746,2026-04-27,CUST-045,1607.39,136.0,72.33,0.0,0.0,32.15,0.0
ORD-00747,2025-08-09,CUST-106,1861.83,75.0,37.24,0.0,0.0,37.24,0.0
ORD-00748,2025-08-13,CUST-034,1021.88,59.0,0.0,23.61,0.0,0.0,0.0
ORD-00749,2025-12-03,CUST-043,753.02,43.0,7.53,0.0,18.06,0.0,0.0
ORD-00750,2026-02-09,CUST-084,862.72,36.0,8.63,7.33,0.0,0.0,0.0
ORD-00751,2025-12-31,CUST-028,90.0,5.0,1.8,0.0,0.0,0.0,0.0
ORD-00752,2025-09-03,CUST-117,2591.62,136.0,0.0,0.0,57.12,0.0,0.0
ORD-00753,2026-02-08,CUST-120,1309.67,63.0,0.0,0.0,0.0,0.0,0.0
ORD-00754,2026-04-23,CUST-070,68.95,7.0,0.0,0.0,0.0,0.0,0.0
ORD-00755,2025-10-06,CUST-012,493.31,27.0,22.2,0.0,0.0,0.0,0.0
ORD-00756,2025-08-06,CUST-049,2704.49,101.0,27.04,0.0,42.42,0.0,0.0
ORD-00757,2025-09-21,CUST-010,456.21,39.0,20.53,0.0,16.38,9.12,0.0
ORD-00758,2026-01-07,CUST-039,481.82,33.0,21.68,8.05,0.0,0.0,0.0
ORD-00759,2025-08-23,CUST-040,828.69,50.0,37.29,6.96,0.0,0.0,0.0
ORD-00760,2026-01-06,CUST-054,611.97,49.0,6.12,11.38,20.58,12.24,0.0
ORD-00761,2025-08-28,CUST-029,1676.1,30.0,75.42,0.0,12.6,0.0,0.0
ORD-00762,2025-08-24,CUST-074,500.36,33.0,7.51,0.0,13.86,10.01,0.0
ORD-00763,2025-09-10,CUST-057,2387.55,102.0,35.81,0.0,42.84,47.75,0.0
ORD-00764,2026-03-12,CUST-039,860.76,51.0,38.73,14.37,0.0,0.0,0.0
ORD-00765,2026-06-13,CUST-098,1681.49,113.0,0.0,0.0,0.0,0.0,0.0
ORD-00766,2025-09-18,CUST-077,699.24,50.0,10.49,12.8,21.0,0.0,0.0
ORD-00767,2025-09-17,CUST-064,1393.47,79.0,0.0,26.62,0.0,0.0,0.0
ORD-00768,2025-09-01,CUST-015,2708.38,86.0,54.17,0.0,0.0,54.17,0.0
ORD-00769,2025-08-29,CUST-062,2290.16,117.0,68.7,0.0,0.0,0.0,0.0
ORD-00770,2026-02-01,CUST-094,1709.35,70.0,34.19,0.0,29.4,0.0,0.0
ORD-00771,2026-06-06,CUST-029,1175.84,60.0,52.91,0.0,25.2,0.0,0.0
ORD-00772,2025-12-15,CUST-026,98.24,4.0,0.0,1.16,1.68,0.0,0.0
ORD-00773,2025-09-24,CUST-004,733.06,39.0,21.99,6.89,16.38,0.0,0.0
ORD-00774,2026-01-18,CUST-038,1457.81,102.0,14.58,0.0,0.0,0.0,0.0
ORD-00775,2025-10-17,CUST-037,782.69,50.0,23.48,14.56,0.0,15.65,0.0
ORD-00776,2025-09-11,CUST-046,930.41,38.0,41.87,0.0,0.0,0.0,0.0
ORD-00777,2025-10-31,CUST-100,841.86,49.0,16.84,0.0,0.0,0.0,0.0
ORD-00778,2026-01-02,CUST-061,556.14,54.0,11.12,0.0,0.0,11.12,0.0
ORD-00779,2026-04-07,CUST-042,2090.81,53.0,0.0,0.0,0.0,0.0,0.0
ORD-00780,2025-12-12,CUST-043,563.51,52.0,5.64,0.0,21.84,0.0,0.0
ORD-00781,2026-04-17,CUST-082,724.6,49.0,7.25,0.0,0.0,7.25,0.0
ORD-00782,2026-04-02,CUST-085,715.12,43.0,0.0,0.0,18.06,14.3,0.0
ORD-00783,2026-03-04,CUST-024,246.45,23.0,7.39,0.0,0.0,4.93,0.0
ORD-00784,2025-07-05,CUST-017,588.16,25.0,5.88,10.35,10.5,0.0,80.72
ORD-00785,2025-11-19,CUST-013,551.48,48.0,24.82,9.1,0.0,5.51,66.12
ORD-00786,2025-08-19,CUST-038,1145.68,50.0,11.46,0.0,0.0,0.0,0.0
ORD-00787,2025-11-25,CUST-013,1467.36,82.0,66.03,24.21,0.0,14.67,0.0
ORD-00788,2025-10-20,CUST-009,3048.29,120.0,137.17,19.2,0.0,60.97,0.0
ORD-00789,2026-03-13,CUST-087,789.39,41.0,0.0,0.0,0.0,0.0,0.0
ORD-00790,2026-04-15,CUST-013,1278.9,84.0,57.55,21.1,0.0,12.79,0.0
ORD-00791,2026-04-06,CUST-070,192.45,15.0,0.0,0.0,0.0,0.0,0.0
ORD-00792,2026-01-10,CUST-118,238.64,23.0,10.74,2.43,9.66,4.77,0.0
ORD-00793,2025-12-03,CUST-031,609.83,28.0,27.44,0.0,0.0,0.0,0.0
ORD-00794,2025-07-10,CUST-033,146.4,15.0,2.2,2.21,6.3,0.0,39.02
ORD-00795,2026-05-15,CUST-117,443.0,32.0,0.0,0.0,13.44,0.0,0.0
ORD-00796,2026-04-30,CUST-092,149.76,17.0,6.74,0.0,7.14,0.0,0.0
ORD-00797,2025-07-08,CUST-083,448.21,40.0,0.0,6.23,0.0,0.0,0.0
ORD-00798,2026-02-24,CUST-015,1538.48,48.0,30.77,0.0,0.0,30.77,0.0
ORD-00799,2025-08-21,CUST-080,713.33,50.0,0.0,11.98,21.0,14.27,0.0
ORD-00800,2026-05-08,CUST-025,320.96,32.0,4.81,4.33,13.44,0.0,0.0
ORD-00801,2026-02-12,CUST-108,3373.68,140.0,101.21,0.0,0.0,67.47,0.0
ORD-00802,2025-08-01,CUST-016,957.39,61.0,0.0,0.0,25.62,0.0,0.0
ORD-00803,2025-07-31,CUST-086,2952.99,98.0,44.29,0.0,0.0,0.0,0.0
ORD-00804,2025-11-24,CUST-092,122.0,17.0,5.49,0.0,7.14,0.0,0.0
ORD-00805,2025-10-29,CUST-030,1096.97,66.0,0.0,23.58,0.0,0.0,0.0
ORD-00806,2025-09-27,CUST-076,162.8,4.0,7.33,0.0,1.68,0.0,0.0
ORD-00807,2025-09-27,CUST-119,1316.78,100.0,26.34,10.53,0.0,26.34,0.0
ORD-00808,2025-09-25,CUST-118,937.63,54.0,42.19,9.56,22.68,18.75,0.0
ORD-00809,2025-07-31,CUST-111,73.38,6.0,1.47,0.95,0.0,0.0,0.0
ORD-00810,2026-01-11,CUST-073,462.02,27.0,9.24,2.49,0.0,0.0,0.0
ORD-00811,2026-05-03,CUST-102,805.78,66.0,16.12,0.0,0.0,0.0,0.0
ORD-00812,2025-10-26,CUST-093,926.4,37.0,0.0,0.0,0.0,18.53,0.0
ORD-00813,2025-12-30,CUST-049,1821.05,65.0,18.21,0.0,27.3,0.0,396.58
ORD-00814,2025-09-26,CUST-011,1188.93,74.0,23.78,0.0,0.0,0.0,0.0
ORD-00815,2025-08-12,CUST-065,3472.7,123.0,69.45,0.0,0.0,0.0,1142.48
ORD-00816,2026-05-10,CUST-015,2172.82,77.0,43.46,0.0,0.0,0.0,0.0
ORD-00817,2026-06-22,CUST-098,236.13,17.0,0.0,0.0,0.0,0.0,0.0
ORD-00818,2025-12-04,CUST-099,1143.02,48.0,22.86,0.0,20.16,22.86,0.0
ORD-00819,2025-12-01,CUST-117,1121.51,75.0,0.0,0.0,31.5,22.43,0.0
ORD-00820,2026-01-28,CUST-031,1581.72,53.0,71.18,0.0,0.0,15.82,0.0
ORD-00821,2026-03-18,CUST-063,1329.38,101.0,59.82,0.0,42.42,0.0,0.0
ORD-00822,2025-12-25,CUST-029,993.73,92.0,44.72,0.0,38.64,0.0,0.0
ORD-00823,2025-09-15,CUST-050,1093.47,76.0,10.93,16.07,31.92,0.0,0.0
ORD-00824,2025-12-14,CUST-047,1852.51,90.0,18.53,0.0,37.8,0.0,0.0
ORD-00825,2026-06-16,CUST-025,413.99,39.0,6.21,5.59,16.38,0.0,0.0
ORD-00826,2025-08-04,CUST-009,565.05,54.0,25.43,3.56,0.0,11.3,0.0
ORD-00827,2025-09-06,CUST-098,1579.19,99.0,0.0,0.0,0.0,0.0,0.0
ORD-00828,2025-11-23,CUST-015,1076.99,59.0,21.54,0.0,0.0,21.54,0.0
ORD-00829,2025-11-11,CUST-005,496.49,25.0,7.45,0.0,0.0,4.96,0.0
ORD-00830,2025-08-18,CUST-027,457.47,40.0,6.86,4.8,16.8,4.57,0.0
ORD-00831,2026-01-22,CUST-031,903.6,40.0,40.66,0.0,0.0,0.0,0.0
ORD-00832,2025-10-01,CUST-009,1690.71,61.0,76.08,10.65,0.0,33.81,0.0
ORD-00833,2026-05-16,CUST-025,1010.06,68.0,15.15,13.64,28.56,0.0,0.0
ORD-00834,2026-01-24,CUST-009,877.53,48.0,39.49,5.53,0.0,17.55,0.0
ORD-00835,2026-02-01,CUST-052,1200.91,39.0,0.0,0.0,16.38,0.0,0.0
ORD-00836,2025-11-01,CUST-025,1801.37,111.0,27.02,24.32,46.62,0.0,0.0
ORD-00837,2026-02-22,CUST-047,1270.2,67.0,12.7,0.0,28.14,0.0,0.0
ORD-00838,2026-02-14,CUST-041,443.83,29.0,0.0,0.0,0.0,8.88,0.0
ORD-00839,2026-05-30,CUST-063,1951.09,69.0,87.8,0.0,28.98,0.0,0.0
ORD-00840,2025-09-12,CUST-053,135.6,10.0,0.0,0.0,4.2,0.0,0.0
ORD-00841,2026-06-03,CUST-090,1623.49,55.0,32.47,0.0,0.0,32.47,0.0
ORD-00842,2025-07-08,CUST-102,1095.29,96.0,21.91,0.0,0.0,0.0,0.0
ORD-00843,2026-04-09,CUST-111,1766.46,61.0,35.33,22.96,0.0,0.0,0.0
ORD-00844,2026-05-04,CUST-037,437.96,39.0,13.14,8.15,0.0,8.76,0.0
ORD-00845,2026-04-30,CUST-070,716.42,60.0,0.0,0.0,0.0,0.0,0.0
ORD-00846,2026-02-27,CUST-082,1269.56,78.0,12.7,0.0,0.0,0.0,0.0
ORD-00847,2025-08-20,CUST-028,425.93,27.0,8.52,0.0,0.0,0.0,0.0
ORD-00848,2026-01-20,CUST-105,373.48,35.0,5.6,0.0,0.0,0.0,0.0
ORD-00849,2025-07-17,CUST-094,1151.17,36.0,23.02,0.0,15.12,11.51,0.0
ORD-00850,2025-09-21,CUST-005,1036.48,45.0,15.55,0.0,0.0,10.36,0.0
ORD-00851,2026-02-22,CUST-043,1417.68,48.0,14.18,0.0,20.16,0.0,0.0
ORD-00852,2026-03-10,CUST-049,1442.98,138.0,14.43,0.0,57.96,0.0,0.0
ORD-00853,2026-01-22,CUST-025,1048.15,65.0,15.72,14.15,27.3,0.0,0.0
ORD-00854,2026-03-05,CUST-050,965.45,47.0,9.65,14.19,19.74,0.0,0.0
ORD-00855,2026-02-27,CUST-074,2311.03,85.0,34.67,0.0,35.7,0.0,0.0
ORD-00856,2025-07-17,CUST-117,1763.6,112.0,0.0,0.0,47.04,0.0,0.0
ORD-00857,2025-08-15,CUST-049,730.67,34.0,7.31,0.0,14.28,0.0,0.0
ORD-00858,2025-07-18,CUST-044,1098.37,83.0,0.0,0.0,0.0,21.97,0.0
ORD-00859,2026-04-23,CUST-001,1093.81,52.0,0.0,0.0,21.84,0.0,0.0
ORD-00860,2025-09-11,CUST-037,587.56,61.0,17.63,10.93,0.0,0.0,0.0
ORD-00861,2025-09-21,CUST-116,1446.0,122.0,65.07,26.75,0.0,28.92,0.0
ORD-00862,2026-06-04,CUST-015,1179.63,48.0,23.59,0.0,0.0,23.59,0.0
ORD-00863,2026-02-07,CUST-063,2401.66,141.0,108.07,0.0,59.22,0.0,0.0
ORD-00864,2025-08-10,CUST-090,1124.45,42.0,22.49,0.0,0.0,22.49,0.0
ORD-00865,2025-12-28,CUST-067,1588.94,48.0,0.0,0.0,0.0,0.0,0.0
ORD-00866,2025-07-22,CUST-092,3011.22,124.0,135.5,0.0,52.08,0.0,0.0
ORD-00867,2025-07-05,CUST-078,1241.99,46.0,0.0,0.0,0.0,0.0,155.64
ORD-00868,2026-03-14,CUST-048,1143.97,72.0,22.88,21.62,0.0,22.88,0.0
ORD-00869,2026-01-22,CUST-048,1471.85,90.0,29.44,27.82,0.0,0.0,0.0
ORD-00870,2026-02-11,CUST-064,2177.01,128.0,0.0,41.58,0.0,0.0,0.0
ORD-00871,2026-06-06,CUST-049,1071.19,50.0,10.71,0.0,21.0,0.0,0.0
ORD-00872,2026-02-13,CUST-030,1848.45,99.0,0.0,39.74,0.0,0.0,0.0
ORD-00873,2025-11-12,CUST-032,406.98,11.0,8.14,0.0,4.62,0.0,0.0
ORD-00874,2025-12-18,CUST-063,1601.58,123.0,72.07,0.0,51.66,0.0,0.0
ORD-00875,2026-06-25,CUST-018,1360.36,59.0,27.21,0.0,0.0,27.21,0.0
ORD-00876,2025-08-31,CUST-051,152.64,16.0,2.29,3.31,0.0,3.05,0.0
ORD-00877,2026-02-12,CUST-115,2088.23,91.0,41.76,0.0,38.22,41.76,0.0
ORD-00878,2026-04-12,CUST-056,1361.96,82.0,13.62,0.0,0.0,0.0,0.0
ORD-00879,2026-03-30,CUST-082,516.01,29.0,5.16,0.0,0.0,5.16,0.0
ORD-00880,2026-01-04,CUST-044,536.36,23.0,0.0,0.0,0.0,10.73,0.0
ORD-00881,2026-05-29,CUST-044,857.59,29.0,0.0,0.0,0.0,17.15,235.34
ORD-00882,2025-11-04,CUST-049,2804.08,121.0,28.04,0.0,50.82,0.0,0.0
ORD-00883,2026-02-03,CUST-062,1627.46,91.0,48.82,0.0,0.0,0.0,0.0
ORD-00884,2025-09-17,CUST-053,745.94,46.0,0.0,0.0,19.32,0.0,0.0
ORD-00885,2026-06-05,CUST-005,1399.3,57.0,20.99,0.0,0.0,13.99,0.0
ORD-00886,2026-01-23,CUST-019,1901.44,71.0,19.01,0.0,29.82,0.0,0.0
ORD-00887,2025-11-01,CUST-078,616.0,35.0,0.0,0.0,0.0,0.0,0.0
ORD-00888,2026-02-04,CUST-082,669.82,32.0,6.7,0.0,0.0,6.7,0.0
ORD-00889,2025-08-12,CUST-117,1832.93,125.0,0.0,0.0,52.5,0.0,0.0
ORD-00890,2026-05-23,CUST-046,2315.8,72.0,104.21,0.0,0.0,0.0,0.0
ORD-00891,2025-07-25,CUST-003,852.27,59.0,25.57,13.04,0.0,17.05,169.47
ORD-00892,2026-02-07,CUST-058,814.77,47.0,36.66,17.6,0.0,0.0,170.92
ORD-00893,2025-08-24,CUST-015,1219.76,64.0,24.4,0.0,0.0,0.0,0.0
ORD-00894,2025-10-18,CUST-017,2541.39,184.0,25.41,44.73,77.28,0.0,0.0
ORD-00895,2026-02-03,CUST-062,461.05,36.0,13.83,0.0,0.0,0.0,0.0
ORD-00896,2026-02-04,CUST-013,1047.69,86.0,47.15,17.29,0.0,10.48,0.0
ORD-00897,2026-05-22,CUST-098,3080.14,198.0,0.0,0.0,0.0,0.0,0.0
ORD-00898,2025-12-31,CUST-066,481.68,16.0,9.63,0.0,0.0,9.63,0.0
ORD-00899,2026-03-24,CUST-018,1442.72,61.0,28.85,0.0,0.0,0.0,0.0
ORD-00900,2025-10-14,CUST-117,1427.71,90.0,0.0,0.0,37.8,0.0,0.0
ORD-00901,2026-06-07,CUST-063,1082.55,95.0,48.71,0.0,39.9,0.0,0.0
ORD-00902,2026-04-29,CUST-119,719.69,48.0,14.39,5.76,0.0,14.39,0.0
ORD-00903,2025-12-12,CUST-104,1218.36,58.0,18.28,0.0,24.36,24.37,0.0
ORD-00904,2026-01-02,CUST-117,1585.72,105.0,0.0,0.0,44.1,31.71,0.0
ORD-00905,2026-02-13,CUST-017,1724.49,93.0,17.24,30.35,39.06,0.0,492.4
ORD-00906,2025-08-21,CUST-100,555.23,38.0,11.1,0.0,0.0,0.0,0.0
ORD-00907,2025-08-04,CUST-023,1667.84,93.0,33.36,28.85,0.0,0.0,0.0
ORD-00908,2025-12-12,CUST-064,802.88,58.0,0.0,15.34,0.0,0.0,0.0
ORD-00909,2025-07-29,CUST-102,2262.06,103.0,45.24,0.0,0.0,0.0,0.0
ORD-00910,2026-01-16,CUST-018,1256.12,60.0,25.12,0.0,0.0,25.12,0.0
ORD-00911,2025-12-26,CUST-070,450.6,42.0,0.0,0.0,0.0,0.0,0.0
ORD-00912,2026-06-10,CUST-082,2045.45,108.0,20.45,0.0,0.0,20.45,0.0
ORD-00913,2026-03-03,CUST-031,1240.53,43.0,55.82,0.0,0.0,12.41,0.0
ORD-00914,2026-06-06,CUST-087,781.98,56.0,0.0,0.0,0.0,0.0,0.0
ORD-00915,2026-01-19,CUST-038,890.15,69.0,8.9,0.0,0.0,0.0,0.0
ORD-00916,2026-06-12,CUST-116,2160.59,103.0,97.23,39.97,0.0,0.0,0.0
ORD-00917,2025-12-15,CUST-008,1603.9,50.0,16.04,0.0,21.0,16.04,0.0
ORD-00918,2026-04-12,CUST-039,3403.54,142.0,153.16,56.84,0.0,0.0,0.0
ORD-00919,2025-09-29,CUST-093,335.72,29.0,0.0,0.0,0.0,6.71,0.0
ORD-00920,2025-08-23,CUST-049,2175.48,121.0,21.75,0.0,50.82,0.0,0.0
ORD-00921,2026-03-30,CUST-017,1261.98,102.0,12.62,22.21,42.84,0.0,0.0
ORD-00922,2026-01-01,CUST-104,2539.7,205.0,38.1,0.0,86.1,50.79,0.0
ORD-00923,2025-09-03,CUST-058,1393.29,105.0,62.7,30.1,0.0,0.0,0.0
ORD-00924,2026-02-13,CUST-095,1144.14,96.0,22.88,0.0,0.0,0.0,0.0
ORD-00925,2026-05-20,CUST-062,1167.79,76.0,35.03,0.0,0.0,0.0,0.0
ORD-00926,2026-03-31,CUST-118,323.99,22.0,14.58,3.3,9.24,6.48,0.0
ORD-00927,2025-12-06,CUST-003,1137.85,45.0,34.14,17.41,0.0,22.76,0.0
ORD-00928,2026-04-04,CUST-119,1253.09,106.0,25.06,10.02,0.0,25.06,0.0
ORD-00929,2026-02-12,CUST-119,1059.8,70.0,21.2,8.48,0.0,21.2,0.0
ORD-00930,2026-03-26,CUST-026,1727.2,84.0,0.0,20.38,35.28,0.0,0.0
ORD-00931,2026-04-05,CUST-015,1564.98,66.0,31.3,0.0,0.0,0.0,0.0
ORD-00932,2025-10-28,CUST-111,461.11,31.0,9.22,5.99,0.0,0.0,0.0
ORD-00933,2026-05-28,CUST-046,2809.74,106.0,126.44,0.0,0.0,0.0,0.0
ORD-00934,2025-10-10,CUST-093,947.87,30.0,0.0,0.0,0.0,18.96,0.0
ORD-00935,2025-12-30,CUST-079,3295.54,144.0,65.91,0.0,0.0,0.0,911.75
ORD-00936,2025-11-18,CUST-049,1173.44,71.0,11.73,0.0,29.82,0.0,0.0
ORD-00937,2026-02-26,CUST-077,462.59,28.0,6.94,8.47,11.76,0.0,0.0
ORD-00938,2025-10-16,CUST-089,1208.58,51.0,54.39,0.0,0.0,24.17,0.0
ORD-00939,2026-01-06,CUST-003,1146.07,72.0,34.38,17.53,0.0,22.92,0.0
ORD-00940,2025-09-17,CUST-106,1631.94,78.0,32.64,0.0,0.0,0.0,0.0
ORD-00941,2025-08-02,CUST-047,1134.05,73.0,11.34,0.0,30.66,0.0,0.0
ORD-00942,2026-03-12,CUST-104,1310.54,62.0,19.66,0.0,26.04,26.21,0.0
ORD-00943,2026-02-16,CUST-102,581.55,54.0,11.63,0.0,0.0,0.0,0.0
ORD-00944,2025-12-03,CUST-047,1400.85,56.0,14.01,0.0,23.52,0.0,0.0
ORD-00945,2025-10-21,CUST-107,1045.59,38.0,10.46,0.0,0.0,20.91,0.0
ORD-00946,2025-08-05,CUST-073,663.84,63.0,13.28,3.58,0.0,0.0,0.0
ORD-00947,2026-03-18,CUST-064,1363.62,94.0,0.0,26.05,0.0,0.0,0.0
ORD-00948,2025-11-12,CUST-037,621.85,42.0,18.66,11.57,0.0,12.44,0.0
ORD-00949,2026-02-24,CUST-015,1210.3,61.0,24.21,0.0,0.0,24.21,0.0
ORD-00950,2025-11-12,CUST-030,432.23,34.0,0.0,9.29,0.0,0.0,0.0
ORD-00951,2025-08-16,CUST-095,176.94,26.0,3.54,0.0,0.0,3.54,0.0
ORD-00952,2025-11-06,CUST-037,808.02,65.0,24.24,15.03,0.0,16.16,0.0
ORD-00953,2026-06-12,CUST-064,1916.6,105.0,0.0,36.61,0.0,0.0,0.0
ORD-00954,2026-01-09,CUST-064,1028.57,76.0,0.0,19.65,0.0,0.0,0.0
ORD-00955,2026-06-29,CUST-021,1253.97,102.0,0.0,0.0,0.0,0.0,0.0
ORD-00956,2025-10-25,CUST-082,728.61,36.0,7.29,0.0,0.0,0.0,0.0
ORD-00957,2025-08-15,CUST-104,1760.15,125.0,26.4,0.0,52.5,35.2,0.0
ORD-00958,2025-10-14,CUST-030,712.47,47.0,0.0,15.32,0.0,0.0,0.0
ORD-00959,2025-07-06,CUST-003,1763.16,93.0,52.89,26.98,0.0,35.26,0.0
ORD-00960,2026-06-04,CUST-077,1750.31,105.0,26.25,32.03,44.1,0.0,0.0
ORD-00961,2025-12-09,CUST-025,539.82,43.0,8.1,7.29,18.06,0.0,0.0
ORD-00962,2026-03-25,CUST-009,1169.6,69.0,52.63,7.37,0.0,23.39,0.0
ORD-00963,2026-03-03,CUST-101,1122.36,28.0,50.51,0.0,11.76,11.22,0.0
ORD-00964,2025-08-24,CUST-044,1765.4,136.0,0.0,0.0,0.0,35.31,0.0
ORD-00965,2026-04-23,CUST-105,611.72,20.0,9.18,0.0,0.0,0.0,0.0
ORD-00966,2025-10-15,CUST-053,960.18,61.0,0.0,0.0,25.62,0.0,0.0
ORD-00967,2025-07-11,CUST-041,735.77,56.0,0.0,0.0,0.0,0.0,0.0
ORD-00968,2025-11-24,CUST-089,440.63,35.0,19.83,0.0,0.0,0.0,0.0
ORD-00969,2025-09-29,CUST-043,489.3,37.0,4.89,0.0,15.54,0.0,0.0
ORD-00970,2026-02-20,CUST-098,2287.61,114.0,0.0,0.0,0.0,0.0,0.0
ORD-00971,2026-01-20,CUST-013,384.1,45.0,17.28,6.34,0.0,0.0,0.0
ORD-00972,2025-07-30,CUST-091,752.42,60.0,0.0,10.68,25.2,0.0,0.0
ORD-00973,2025-09-20,CUST-106,1665.34,88.0,33.31,0.0,0.0,33.31,0.0
ORD-00974,2025-09-09,CUST-046,1312.76,51.0,59.07,0.0,0.0,0.0,0.0
ORD-00975,2026-05-09,CUST-019,4395.95,147.0,43.96,0.0,61.74,0.0,0.0
ORD-00976,2025-12-09,CUST-044,657.59,38.0,0.0,0.0,0.0,0.0,0.0
ORD-00977,2026-01-15,CUST-104,1632.3,90.0,24.48,0.0,37.8,32.65,0.0
ORD-00978,2025-08-07,CUST-055,122.88,6.0,5.53,0.0,2.52,2.46,0.0
ORD-00979,2026-01-11,CUST-061,1407.37,78.0,28.15,0.0,0.0,28.15,0.0
ORD-00980,2025-10-27,CUST-063,960.38,45.0,43.22,0.0,18.9,0.0,0.0
ORD-00981,2025-08-28,CUST-071,1535.08,86.0,0.0,0.0,36.12,0.0,0.0
ORD-00982,2025-10-01,CUST-063,660.07,52.0,29.7,0.0,21.84,0.0,0.0
ORD-00983,2026-01-11,CUST-077,2128.02,92.0,31.92,38.94,38.64,0.0,0.0
ORD-00984,2026-01-10,CUST-049,2001.56,94.0,20.02,0.0,39.48,0.0,0.0
ORD-00985,2025-11-11,CUST-018,1551.67,54.0,31.03,0.0,0.0,31.03,0.0
ORD-00986,2025-10-04,CUST-075,3038.61,96.0,0.0,0.0,0.0,0.0,0.0
ORD-00987,2026-04-28,CUST-075,926.96,38.0,0.0,0.0,0.0,0.0,0.0
ORD-00988,2025-07-07,CUST-094,266.4,9.0,5.33,0.0,3.78,2.66,0.0
ORD-00989,2025-07-30,CUST-010,1202.18,55.0,54.1,0.0,23.1,0.0,0.0
ORD-00990,2026-06-22,CUST-047,493.9,29.0,4.94,0.0,12.18,0.0,0.0
ORD-00991,2026-04-05,CUST-033,1227.6,52.0,18.41,18.54,21.84,0.0,0.0
ORD-00992,2025-10-24,CUST-030,1876.78,95.0,0.0,40.35,0.0,0.0,0.0
ORD-00993,2026-03-28,CUST-051,3837.5,171.0,57.56,83.27,0.0,76.75,0.0
ORD-00994,2026-01-20,CUST-030,526.38,44.0,0.0,11.32,0.0,0.0,0.0
ORD-00995,2026-01-14,CUST-074,1801.95,110.0,27.03,0.0,46.2,36.04,0.0
ORD-00996,2026-06-04,CUST-049,1449.83,73.0,14.5,0.0,30.66,0.0,0.0
ORD-00997,2026-04-13,CUST-116,746.69,68.0,33.6,13.81,0.0,14.93,0.0
ORD-00998,2025-07-23,CUST-085,1585.13,51.0,0.0,0.0,21.42,31.7,0.0
ORD-00999,2026-06-24,CUST-061,1262.48,94.0,25.25,0.0,0.0,25.25,0.0
ORD-01000,2026-05-05,CUST-044,1147.62,77.0,0.0,0.0,0.0,0.0,0.0
ORD-01001,2026-01-14,CUST-030,1311.08,99.0,0.0,28.19,0.0,0.0,353.3
ORD-01002,2026-04-23,CUST-010,1380.66,70.0,62.13,0.0,29.4,27.61,0.0
ORD-01003,2026-03-26,CUST-046,532.6,32.0,23.97,0.0,0.0,0.0,0.0
ORD-01004,2026-06-12,CUST-118,391.27,32.0,17.61,3.99,13.44,7.83,0.0
ORD-01005,2025-09-28,CUST-007,1278.57,73.0,19.18,0.0,0.0,0.0,0.0
ORD-01006,2025-07-11,CUST-045,1008.5,54.0,45.38,0.0,0.0,20.17,0.0
ORD-01007,2026-03-06,CUST-064,1566.13,130.0,0.0,29.91,0.0,0.0,0.0
ORD-01008,2025-11-25,CUST-062,2534.8,160.0,76.04,0.0,0.0,0.0,0.0
ORD-01009,2025-10-17,CUST-064,1363.55,97.0,0.0,26.04,0.0,0.0,0.0
ORD-01010,2025-11-22,CUST-109,177.15,13.0,3.54,1.35,0.0,0.0,0.0
ORD-01011,2026-05-20,CUST-001,839.07,42.0,0.0,0.0,17.64,0.0,0.0
ORD-01012,2025-10-24,CUST-015,2999.8,111.0,60.0,0.0,0.0,60.0,0.0
ORD-01013,2026-06-10,CUST-001,1190.3,57.0,0.0,0.0,23.94,0.0,0.0
ORD-01014,2025-08-16,CUST-091,589.28,55.0,0.0,8.37,23.1,0.0,0.0
ORD-01015,2026-03-07,CUST-049,1768.02,65.0,17.68,0.0,27.3,0.0,0.0
ORD-01016,2025-11-27,CUST-104,3003.8,102.0,45.06,0.0,42.84,60.08,0.0
ORD-01017,2026-01-03,CUST-115,939.18,48.0,18.78,0.0,20.16,0.0,0.0
ORD-01018,2026-05-27,CUST-046,1254.48,49.0,56.45,0.0,0.0,0.0,0.0
ORD-01019,2025-07-14,CUST-077,931.28,65.0,13.97,17.04,27.3,0.0,0.0
ORD-01020,2025-09-22,CUST-038,190.03,19.0,1.9,0.0,0.0,0.0,0.0
ORD-01021,2025-07-05,CUST-038,931.28,60.0,9.31,0.0,0.0,0.0,0.0
ORD-01022,2025-08-07,CUST-013,1153.01,96.0,51.89,19.02,0.0,0.0,0.0
ORD-01023,2025-12-26,CUST-115,1795.44,113.0,35.91,0.0,47.46,0.0,0.0
ORD-01024,2026-02-17,CUST-104,1412.69,108.0,21.19,0.0,45.36,0.0,0.0
ORD-01025,2025-08-19,CUST-024,2207.8,130.0,66.23,0.0,0.0,0.0,0.0
ORD-01026,2025-07-05,CUST-062,2028.07,116.0,60.84,0.0,0.0,0.0,0.0
ORD-01027,2025-08-30,CUST-082,1041.62,64.0,10.42,0.0,0.0,10.42,0.0
ORD-01028,2026-03-10,CUST-118,375.49,17.0,16.9,3.83,7.14,7.51,0.0
ORD-01029,2026-01-24,CUST-098,1698.3,100.0,0.0,0.0,0.0,16.98,0.0
ORD-01030,2025-10-06,CUST-036,1320.89,54.0,39.63,0.0,0.0,26.42,0.0
ORD-01031,2025-11-24,CUST-001,1959.48,74.0,0.0,0.0,31.08,0.0,0.0
ORD-01032,2026-04-21,CUST-030,1720.62,101.0,0.0,36.99,0.0,0.0,0.0
ORD-01033,2025-10-31,CUST-097,1106.07,65.0,11.06,0.0,0.0,22.12,0.0
ORD-01034,2026-01-13,CUST-106,597.48,37.0,11.95,0.0,0.0,11.95,0.0
ORD-01035,2026-04-06,CUST-049,1584.84,96.0,15.85,0.0,40.32,0.0,0.0
ORD-01036,2025-10-01,CUST-117,1022.45,76.0,0.0,0.0,31.92,20.45,0.0
ORD-01037,2025-12-10,CUST-030,429.27,35.0,0.0,9.23,0.0,0.0,0.0
ORD-01038,2026-03-11,CUST-089,2372.55,88.0,106.76,0.0,0.0,47.45,0.0
ORD-01039,2025-09-16,CUST-042,1265.46,65.0,0.0,0.0,0.0,0.0,0.0
ORD-01040,2026-06-07,CUST-077,498.72,29.0,7.48,9.13,12.18,0.0,89.5
ORD-01041,2025-10-04,CUST-064,3697.77,177.0,0.0,70.63,0.0,0.0,0.0
ORD-01042,2026-06-02,CUST-074,383.75,25.0,5.76,0.0,10.5,7.67,0.0
ORD-01043,2025-07-02,CUST-017,1813.05,106.0,18.13,31.91,44.52,0.0,0.0
ORD-01044,2025-10-29,CUST-075,1547.05,79.0,0.0,0.0,0.0,0.0,0.0
ORD-01045,2026-04-09,CUST-009,1421.99,77.0,63.99,8.96,0.0,28.44,0.0
ORD-01046,2026-04-15,CUST-092,515.14,33.0,23.18,0.0,13.86,0.0,0.0
ORD-01047,2026-01-27,CUST-113,822.62,39.0,16.45,11.85,0.0,16.45,0.0
ORD-01048,2025-09-25,CUST-037,301.2,23.0,9.04,5.6,0.0,6.02,0.0
ORD-01049,2026-02-25,CUST-062,2061.48,86.0,61.84,0.0,0.0,0.0,0.0
ORD-01050,2025-11-03,CUST-091,1464.6,68.0,0.0,20.8,28.56,0.0,0.0
ORD-01051,2025-08-24,CUST-055,636.92,30.0,28.66,0.0,12.6,0.0,0.0
ORD-01052,2026-02-06,CUST-116,789.06,36.0,35.51,14.6,0.0,15.78,0.0
ORD-01053,2026-01-05,CUST-043,1331.57,85.0,13.32,0.0,35.7,0.0,0.0
ORD-01054,2026-01-08,CUST-089,907.3,29.0,40.83,0.0,0.0,18.15,0.0
ORD-01055,2025-08-01,CUST-095,328.0,30.0,6.56,0.0,0.0,0.0,0.0
ORD-01056,2026-05-27,CUST-044,511.41,36.0,0.0,0.0,0.0,10.23,0.0
ORD-01057,2025-10-27,CUST-056,602.1,42.0,6.02,0.0,0.0,6.02,0.0
ORD-01058,2026-01-23,CUST-047,690.25,45.0,6.9,0.0,18.9,0.0,0.0
ORD-01059,2026-05-25,CUST-106,448.68,22.0,8.97,0.0,0.0,0.0,0.0
ORD-01060,2026-03-29,CUST-115,527.19,61.0,10.54,0.0,25.62,0.0,0.0
ORD-01061,2025-07-18,CUST-048,927.86,64.0,18.56,17.54,0.0,18.56,0.0
ORD-01062,2025-07-05,CUST-098,1420.81,105.0,0.0,0.0,0.0,14.21,0.0
ORD-01063,2026-01-16,CUST-023,634.96,28.0,12.7,10.98,0.0,0.0,0.0
ORD-01064,2025-08-14,CUST-029,629.78,46.0,28.34,0.0,19.32,0.0,0.0
ORD-01065,2026-03-19,CUST-104,1724.09,68.0,25.86,0.0,28.56,0.0,0.0
ORD-01066,2026-04-06,CUST-050,2839.6,132.0,28.4,41.74,55.44,0.0,0.0
ORD-01067,2026-01-10,CUST-018,2331.84,109.0,46.64,0.0,0.0,0.0,0.0
ORD-01068,2025-07-08,CUST-064,1333.9,87.0,0.0,25.48,0.0,0.0,0.0
ORD-01069,2026-02-05,CUST-053,339.13,23.0,0.0,0.0,9.66,0.0,0.0
ORD-01070,2025-09-25,CUST-064,1828.18,133.0,0.0,34.92,0.0,0.0,0.0
ORD-01071,2025-12-31,CUST-025,498.2,28.0,7.47,6.73,11.76,0.0,0.0
ORD-01072,2026-03-15,CUST-049,2088.41,113.0,20.88,0.0,47.46,0.0,0.0
ORD-01073,2025-07-12,CUST-005,1479.77,59.0,22.2,0.0,0.0,14.8,146.28
ORD-01074,2026-06-24,CUST-013,742.03,46.0,33.39,12.24,0.0,0.0,0.0
ORD-01075,2025-12-23,CUST-104,2449.22,162.0,36.74,0.0,68.04,48.98,0.0
ORD-01076,2025-07-23,CUST-001,1800.73,52.0,0.0,0.0,21.84,0.0,0.0
ORD-01077,2025-11-16,CUST-001,2046.61,69.0,0.0,0.0,28.98,0.0,0.0
ORD-01078,2025-09-23,CUST-015,3478.5,96.0,69.57,0.0,0.0,69.57,0.0
ORD-01079,2025-07-03,CUST-062,1540.28,75.0,46.21,0.0,0.0,0.0,0.0
ORD-01080,2026-02-23,CUST-049,3544.97,133.0,35.45,0.0,55.86,0.0,0.0
ORD-01081,2025-08-19,CUST-064,2744.37,135.0,0.0,52.42,0.0,0.0,0.0
ORD-01082,2026-05-03,CUST-017,657.93,56.0,6.58,11.58,23.52,0.0,0.0
ORD-01083,2026-02-28,CUST-064,2159.7,136.0,0.0,41.25,0.0,0.0,0.0
ORD-01084,2025-10-23,CUST-013,796.92,67.0,35.86,13.15,0.0,7.97,0.0
ORD-01085,2025-11-23,CUST-047,992.05,67.0,9.92,0.0,28.14,0.0,0.0
ORD-01086,2026-06-13,CUST-119,798.0,48.0,15.96,6.38,0.0,15.96,0.0
ORD-01087,2025-12-10,CUST-039,1455.14,115.0,65.48,24.3,0.0,0.0,0.0
ORD-01088,2026-05-06,CUST-110,628.57,33.0,0.0,0.0,0.0,12.57,0.0
ORD-01089,2026-06-15,CUST-046,1275.2,52.0,57.38,0.0,0.0,0.0,0.0
ORD-01090,2026-05-28,CUST-017,1014.89,77.0,10.15,17.86,32.34,0.0,0.0
ORD-01091,2026-01-01,CUST-077,838.21,57.0,12.57,15.34,23.94,0.0,0.0
ORD-01092,2025-08-08,CUST-046,1692.64,61.0,76.17,0.0,0.0,0.0,0.0
ORD-01093,2025-07-28,CUST-107,1490.53,36.0,14.91,0.0,0.0,29.81,0.0
ORD-01094,2025-09-14,CUST-117,1565.96,96.0,0.0,0.0,40.32,31.32,0.0
ORD-01095,2026-03-21,CUST-043,2012.45,109.0,20.12,0.0,45.78,0.0,0.0
ORD-01096,2026-04-15,CUST-022,790.1,47.0,0.0,11.46,19.74,7.9,0.0
ORD-01097,2025-11-27,CUST-055,693.73,57.0,31.22,0.0,23.94,13.87,0.0
ORD-01098,2025-08-26,CUST-009,1951.7,145.0,87.83,12.3,0.0,39.03,0.0
ORD-01099,2026-02-12,CUST-038,258.55,21.0,2.59,0.0,0.0,0.0,0.0
ORD-01100,2026-01-30,CUST-110,1244.2,70.0,0.0,0.0,0.0,0.0,0.0
ORD-01101,2025-10-10,CUST-015,1692.94,96.0,33.86,0.0,0.0,33.86,0.0
ORD-01102,2026-03-26,CUST-119,1845.28,102.0,36.91,14.76,0.0,0.0,0.0
ORD-01103,2026-01-06,CUST-016,1260.46,74.0,0.0,0.0,31.08,12.6,0.0
ORD-01104,2025-11-22,CUST-106,1793.67,102.0,35.87,0.0,0.0,35.87,513.03
ORD-01105,2025-11-25,CUST-022,165.68,13.0,0.0,2.4,5.46,1.66,0.0
ORD-01106,2026-01-13,CUST-064,3095.7,193.0,0.0,59.13,0.0,0.0,0.0
ORD-01107,2026-06-20,CUST-017,563.71,34.0,5.64,9.92,14.28,0.0,0.0
ORD-01108,2025-09-03,CUST-021,1756.33,95.0,0.0,0.0,0.0,0.0,0.0
ORD-01109,2025-11-16,CUST-043,993.55,89.0,9.94,0.0,37.38,0.0,110.49
ORD-01110,2025-10-04,CUST-120,837.78,31.0,0.0,0.0,0.0,0.0,0.0
ORD-01111,2026-03-07,CUST-108,2803.73,94.0,84.11,0.0,0.0,0.0,0.0
ORD-01112,2025-08-29,CUST-065,997.3,60.0,19.95,0.0,0.0,0.0,0.0
ORD-01113,2026-06-24,CUST-038,540.63,44.0,5.41,0.0,0.0,0.0,0.0
ORD-01114,2026-03-23,CUST-030,3164.59,96.0,0.0,68.04,0.0,0.0,0.0
ORD-01115,2026-02-09,CUST-049,1549.0,130.0,15.49,0.0,54.6,0.0,0.0
ORD-01116,2025-09-30,CUST-027,548.97,37.0,8.23,5.76,15.54,0.0,0.0
ORD-01117,2026-02-15,CUST-091,806.43,61.0,0.0,11.45,25.62,0.0,0.0
ORD-01118,2025-11-06,CUST-049,1252.92,83.0,12.53,0.0,34.86,0.0,0.0
ORD-01119,2025-12-10,CUST-119,1440.18,93.0,28.8,11.52,0.0,0.0,0.0
ORD-01120,2026-05-02,CUST-041,431.56,25.0,0.0,0.0,0.0,8.63,0.0
ORD-01121,2025-07-14,CUST-062,1519.79,73.0,45.59,0.0,0.0,0.0,0.0
ORD-01122,2026-02-05,CUST-079,671.94,18.0,13.44,0.0,0.0,13.44,0.0
ORD-01123,2026-02-05,CUST-063,546.55,32.0,24.59,0.0,13.44,0.0,112.03
ORD-01124,2026-05-02,CUST-033,324.11,31.0,4.86,4.89,13.02,0.0,0.0
ORD-01125,2026-04-02,CUST-098,2208.13,119.0,0.0,0.0,0.0,22.08,0.0
ORD-01126,2025-12-15,CUST-002,31.83,3.0,0.32,0.27,0.0,0.0,0.0
ORD-01127,2026-05-07,CUST-045,589.54,29.0,26.53,0.0,0.0,0.0,0.0
ORD-01128,2025-07-06,CUST-018,2731.16,91.0,54.62,0.0,0.0,54.62,0.0
ORD-01129,2026-04-19,CUST-024,726.96,39.0,21.81,0.0,0.0,14.54,0.0
ORD-01130,2026-02-06,CUST-001,974.18,50.0,0.0,0.0,21.0,0.0,0.0
ORD-01131,2026-05-25,CUST-030,1159.32,58.0,0.0,24.93,0.0,0.0,0.0
ORD-01132,2025-12-06,CUST-067,1094.53,52.0,0.0,0.0,0.0,0.0,0.0
ORD-01133,2025-09-17,CUST-043,1784.82,80.0,17.85,0.0,33.6,0.0,0.0
ORD-01134,2025-10-19,CUST-105,1160.37,84.0,17.41,0.0,0.0,0.0,0.0
ORD-01135,2026-01-25,CUST-104,1577.88,76.0,23.67,0.0,31.92,0.0,0.0
ORD-01136,2025-10-11,CUST-012,415.46,19.0,18.7,0.0,0.0,0.0,0.0
ORD-01137,2025-08-26,CUST-073,1107.86,34.0,22.16,5.98,0.0,0.0,0.0
ORD-01138,2025-11-18,CUST-041,452.96,20.0,0.0,0.0,0.0,0.0,0.0
ORD-01139,2025-10-30,CUST-117,1040.13,78.0,0.0,0.0,32.76,20.8,0.0
ORD-01140,2025-10-05,CUST-064,2565.0,157.0,0.0,48.99,0.0,0.0,0.0
ORD-01141,2026-06-03,CUST-025,830.38,41.0,12.46,11.21,17.22,0.0,0.0
ORD-01142,2025-09-19,CUST-117,1473.76,86.0,0.0,0.0,36.12,29.48,0.0
ORD-01143,2026-03-24,CUST-051,1340.92,100.0,20.11,29.1,0.0,26.82,0.0
ORD-01144,2025-09-04,CUST-017,737.85,60.0,7.38,12.99,25.2,0.0,0.0
ORD-01145,2026-04-07,CUST-025,1392.06,68.0,20.88,18.79,28.56,0.0,0.0
ORD-01146,2026-03-24,CUST-110,563.21,45.0,0.0,0.0,0.0,0.0,0.0
ORD-01147,2025-11-26,CUST-046,1119.37,48.0,50.37,0.0,0.0,0.0,0.0
ORD-01148,2026-05-13,CUST-086,2091.42,58.0,31.37,0.0,0.0,20.91,0.0
ORD-01149,2025-11-26,CUST-001,1651.4,75.0,0.0,0.0,31.5,0.0,0.0
ORD-01150,2026-05-29,CUST-058,1463.5,86.0,65.86,31.61,0.0,0.0,0.0
ORD-01151,2026-01-05,CUST-025,903.81,86.0,13.56,12.2,36.12,0.0,0.0
ORD-01152,2026-01-25,CUST-070,1488.06,66.0,0.0,0.0,0.0,0.0,0.0
ORD-01153,2026-05-19,CUST-048,1238.88,83.0,24.78,23.41,0.0,0.0,0.0
ORD-01154,2025-12-05,CUST-049,924.81,68.0,9.25,0.0,28.56,0.0,0.0
ORD-01155,2025-08-24,CUST-046,1001.2,36.0,45.05,0.0,0.0,0.0,0.0
ORD-01156,2026-06-12,CUST-009,243.87,20.0,10.97,1.54,0.0,4.88,0.0
ORD-01157,2026-06-27,CUST-013,269.34,14.0,12.12,4.44,0.0,0.0,0.0
ORD-01158,2026-02-11,CUST-104,1207.6,77.0,18.11,0.0,32.34,0.0,0.0
ORD-01159,2026-03-22,CUST-042,1525.49,88.0,0.0,0.0,0.0,0.0,0.0
ORD-01160,2026-01-12,CUST-049,1551.42,94.0,15.51,0.0,39.48,0.0,0.0
ORD-01161,2025-11-04,CUST-071,307.86,26.0,0.0,0.0,10.92,0.0,0.0
ORD-01162,2026-03-25,CUST-113,357.55,35.0,7.15,5.15,0.0,7.15,0.0
ORD-01163,2025-08-08,CUST-117,509.91,41.0,0.0,0.0,17.22,10.2,103.89
ORD-01164,2025-12-10,CUST-100,569.12,51.0,11.38,0.0,0.0,0.0,0.0
ORD-01165,2026-03-22,CUST-064,1266.98,82.0,0.0,24.2,0.0,0.0,0.0
ORD-01166,2026-03-29,CUST-105,735.24,61.0,11.03,0.0,0.0,0.0,0.0
ORD-01167,2025-08-15,CUST-064,3239.82,162.0,0.0,61.88,0.0,0.0,0.0
ORD-01168,2025-08-08,CUST-065,882.67,32.0,17.65,0.0,0.0,0.0,0.0
ORD-01169,2026-01-08,CUST-084,1813.0,122.0,18.13,15.41,0.0,0.0,0.0
ORD-01170,2026-03-18,CUST-064,3116.73,141.0,0.0,59.53,0.0,0.0,0.0
ORD-01171,2026-01-24,CUST-013,1917.72,96.0,86.3,31.64,0.0,19.18,0.0
ORD-01172,2025-07-31,CUST-062,1146.19,68.0,34.39,0.0,0.0,0.0,0.0
ORD-01173,2026-02-18,CUST-018,2171.87,79.0,43.44,0.0,0.0,0.0,0.0
ORD-01174,2025-11-20,CUST-048,1285.63,57.0,25.71,24.3,0.0,0.0,0.0
ORD-01175,2025-09-10,CUST-119,1445.99,60.0,28.92,11.57,0.0,28.92,0.0
ORD-01176,2026-03-13,CUST-009,1693.14,124.0,76.19,10.67,0.0,33.86,0.0
ORD-01177,2025-12-27,CUST-098,1994.06,99.0,0.0,0.0,0.0,0.0,0.0
ORD-01178,2025-10-29,CUST-009,1675.17,82.0,75.38,10.55,0.0,33.5,0.0
ORD-01179,2025-10-11,CUST-117,2050.07,93.0,0.0,0.0,39.06,41.0,0.0
ORD-01180,2026-01-12,CUST-064,1323.2,84.0,0.0,25.27,0.0,0.0,0.0
ORD-01181,2025-12-08,CUST-060,275.28,8.0,5.51,0.0,3.36,2.75,0.0
ORD-01182,2026-01-15,CUST-053,933.81,45.0,0.0,0.0,18.9,0.0,0.0
ORD-01183,2026-04-29,CUST-077,1481.18,112.0,22.22,27.11,47.04,0.0,0.0
ORD-01184,2026-05-24,CUST-062,1198.38,68.0,35.95,0.0,0.0,0.0,0.0
ORD-01185,2025-12-06,CUST-091,1076.61,43.0,0.0,15.29,18.06,0.0,0.0
ORD-01186,2025-09-19,CUST-102,524.2,26.0,10.48,0.0,0.0,0.0,0.0
ORD-01187,2026-05-17,CUST-096,406.87,26.0,0.0,0.0,0.0,4.07,0.0
ORD-01188,2026-04-05,CUST-077,1350.83,71.0,20.26,24.72,29.82,0.0,0.0
ORD-01189,2026-03-09,CUST-064,1157.88,90.0,0.0,22.12,0.0,0.0,0.0
ORD-01190,2026-05-21,CUST-104,2774.26,147.0,41.61,0.0,61.74,55.49,0.0
ORD-01191,2025-12-27,CUST-025,1247.22,90.0,18.71,16.84,37.8,0.0,0.0
ORD-01192,2025-10-17,CUST-119,839.11,50.0,16.78,6.71,0.0,16.78,0.0
ORD-01193,2025-08-29,CUST-036,455.76,23.0,13.67,0.0,0.0,0.0,0.0
ORD-01194,2026-02-21,CUST-064,1872.9,110.0,0.0,35.77,0.0,0.0,0.0
ORD-01195,2026-05-20,CUST-066,1516.23,59.0,30.32,0.0,0.0,30.32,0.0
ORD-01196,2025-11-24,CUST-072,1043.63,44.0,0.0,0.0,0.0,10.44,0.0
ORD-01197,2026-05-22,CUST-018,971.8,45.0,19.44,0.0,0.0,19.44,0.0
ORD-01198,2025-07-26,CUST-021,1337.16,79.0,0.0,0.0,0.0,0.0,0.0
ORD-01199,2025-08-24,CUST-003,1772.59,89.0,53.18,27.12,0.0,0.0,0.0
ORD-01200,2025-11-14,CUST-022,729.74,50.0,0.0,10.58,21.0,0.0,0.0
ORD-01201,2025-07-03,CUST-099,2121.26,79.0,42.43,0.0,33.18,42.43,0.0
ORD-01202,2025-08-17,CUST-072,438.3,23.0,0.0,0.0,0.0,4.38,0.0
ORD-01203,2026-01-09,CUST-055,815.6,37.0,36.7,0.0,15.54,16.31,0.0
ORD-01204,2026-03-21,CUST-063,1626.25,80.0,73.18,0.0,33.6,0.0,0.0
ORD-01205,2025-12-24,CUST-115,297.53,21.0,5.95,0.0,8.82,5.95,0.0
ORD-01206,2025-07-10,CUST-108,428.4,15.0,12.85,0.0,0.0,8.57,0.0
ORD-01207,2025-10-20,CUST-073,1334.25,65.0,26.68,7.2,0.0,0.0,0.0
ORD-01208,2026-05-07,CUST-021,171.22,15.0,0.0,0.0,0.0,0.0,0.0
ORD-01209,2026-02-17,CUST-114,1359.46,64.0,61.18,29.5,26.88,0.0,0.0
ORD-01210,2025-10-16,CUST-077,615.99,50.0,9.24,11.27,21.0,0.0,0.0
ORD-01211,2025-08-22,CUST-049,2758.23,140.0,27.58,0.0,58.8,0.0,0.0
ORD-01212,2025-12-22,CUST-042,1331.53,46.0,0.0,0.0,0.0,13.32,0.0
ORD-01213,2026-06-01,CUST-010,1500.56,88.0,67.53,0.0,36.96,30.01,374.61
ORD-01214,2025-08-13,CUST-095,645.54,39.0,12.91,0.0,0.0,12.91,0.0
ORD-01215,2026-02-21,CUST-117,1603.3,103.0,0.0,0.0,43.26,0.0,0.0
ORD-01216,2026-03-16,CUST-030,1192.77,78.0,0.0,25.64,0.0,0.0,0.0
ORD-01217,2026-04-16,CUST-030,448.44,29.0,0.0,9.64,0.0,0.0,0.0
ORD-01218,2025-10-22,CUST-021,1492.14,42.0,0.0,0.0,0.0,0.0,0.0
ORD-01219,2025-09-17,CUST-043,275.2,29.0,2.75,0.0,12.18,0.0,0.0
ORD-01220,2026-01-15,CUST-049,2844.96,144.0,28.45,0.0,60.48,0.0,0.0
ORD-01221,2026-04-10,CUST-009,745.46,47.0,33.55,4.7,0.0,14.91,0.0
ORD-01222,2026-02-13,CUST-044,1238.93,51.0,0.0,0.0,0.0,24.78,0.0
ORD-01223,2025-07-28,CUST-036,1316.07,42.0,39.48,0.0,0.0,26.32,0.0
ORD-01224,2026-06-13,CUST-079,2224.43,100.0,44.49,0.0,0.0,44.49,0.0
ORD-01225,2025-09-09,CUST-062,1010.83,69.0,30.32,0.0,0.0,0.0,0.0
ORD-01226,2026-04-09,CUST-060,706.45,35.0,14.13,0.0,14.7,0.0,0.0
ORD-01227,2025-11-08,CUST-078,1213.14,48.0,0.0,0.0,0.0,0.0,0.0
ORD-01228,2025-11-13,CUST-009,888.03,75.0,39.96,5.59,0.0,17.76,0.0
ORD-01229,2026-01-03,CUST-047,686.49,45.0,6.86,0.0,18.9,0.0,0.0
ORD-01230,2025-12-03,CUST-057,1249.19,71.0,18.74,0.0,29.82,24.98,0.0
ORD-01231,2026-05-12,CUST-098,1464.62,68.0,0.0,0.0,0.0,14.65,0.0
ORD-01232,2025-07-16,CUST-049,1185.9,80.0,11.86,0.0,33.6,0.0,0.0
ORD-01233,2026-06-07,CUST-061,861.32,39.0,17.23,0.0,0.0,17.23,0.0
ORD-01234,2026-05-01,CUST-094,930.14,35.0,18.6,0.0,14.7,9.3,0.0
ORD-01235,2026-06-13,CUST-064,2563.51,166.0,0.0,48.96,0.0,0.0,0.0
ORD-01236,2026-03-17,CUST-049,1980.41,123.0,19.8,0.0,51.66,0.0,0.0
ORD-01237,2025-12-27,CUST-091,1376.11,141.0,0.0,19.54,59.22,0.0,0.0
ORD-01238,2026-01-07,CUST-059,1765.19,93.0,35.3,0.0,39.06,35.3,0.0
ORD-01239,2025-07-13,CUST-040,327.92,24.0,14.76,2.75,0.0,0.0,0.0
ORD-01240,2026-03-19,CUST-114,156.66,21.0,7.05,3.4,8.82,3.13,0.0
ORD-01241,2026-04-29,CUST-056,1422.03,117.0,14.22,0.0,0.0,0.0,0.0
ORD-01242,2025-11-28,CUST-092,934.11,69.0,42.03,0.0,28.98,0.0,0.0
ORD-01243,2025-07-27,CUST-059,1794.5,91.0,35.89,0.0,38.22,0.0,0.0
ORD-01244,2025-10-14,CUST-006,413.16,19.0,6.2,0.0,0.0,0.0,0.0
ORD-01245,2025-08-05,CUST-084,172.05,15.0,1.72,1.46,0.0,0.0,0.0
ORD-01246,2025-11-29,CUST-087,937.47,60.0,0.0,0.0,0.0,18.75,0.0
ORD-01247,2026-03-07,CUST-066,1581.36,85.0,31.63,0.0,0.0,0.0,0.0
ORD-01248,2026-03-28,CUST-017,1123.59,101.0,11.24,19.78,42.42,0.0,0.0
ORD-01249,2025-10-13,CUST-076,1194.87,34.0,53.77,0.0,14.28,0.0,0.0
ORD-01250,2025-07-21,CUST-018,2367.08,116.0,47.34,0.0,0.0,47.34,0.0
ORD-01251,2026-01-03,CUST-013,605.18,54.0,27.23,9.99,0.0,6.05,0.0
ORD-01252,2026-01-27,CUST-034,663.72,49.0,0.0,15.33,0.0,0.0,0.0
ORD-01253,2026-03-04,CUST-087,535.5,39.0,0.0,0.0,0.0,10.71,0.0
ORD-01254,2025-10-06,CUST-045,375.45,41.0,16.9,0.0,0.0,7.51,0.0
ORD-01255,2026-05-20,CUST-058,1140.86,107.0,51.34,24.64,0.0,0.0,0.0
ORD-01256,2025-12-25,CUST-015,1988.0,104.0,39.76,0.0,0.0,39.76,0.0
ORD-01257,2025-09-27,CUST-078,795.17,72.0,0.0,0.0,0.0,0.0,0.0
ORD-01258,2026-02-18,CUST-082,716.8,51.0,7.17,0.0,0.0,0.0,0.0
ORD-01259,2026-05-19,CUST-082,894.34,47.0,8.94,0.0,0.0,8.94,0.0
ORD-01260,2026-03-06,CUST-091,688.97,49.0,0.0,9.78,20.58,0.0,0.0
ORD-01261,2026-02-19,CUST-034,863.14,67.0,0.0,19.94,0.0,0.0,0.0
ORD-01262,2025-08-12,CUST-023,479.17,37.0,9.58,8.29,0.0,0.0,0.0
ORD-01263,2026-06-21,CUST-043,1179.39,94.0,11.79,0.0,39.48,0.0,0.0
ORD-01264,2025-07-09,CUST-117,1422.63,76.0,0.0,0.0,31.92,28.45,0.0
ORD-01265,2025-08-11,CUST-013,1982.61,74.0,89.22,32.71,0.0,0.0,0.0
ORD-01266,2025-07-11,CUST-036,659.56,28.0,19.79,0.0,0.0,0.0,0.0
ORD-01267,2025-09-11,CUST-042,1443.12,63.0,0.0,0.0,0.0,0.0,0.0
ORD-01268,2026-05-24,CUST-065,357.97,28.0,7.16,0.0,0.0,0.0,0.0
ORD-01269,2026-03-30,CUST-037,342.74,23.0,10.28,6.37,0.0,0.0,0.0
ORD-01270,2025-11-16,CUST-018,1973.74,71.0,39.47,0.0,0.0,39.47,0.0
ORD-01271,2025-09-09,CUST-044,1240.84,70.0,0.0,0.0,0.0,0.0,0.0
ORD-01272,2026-01-14,CUST-029,1151.15,78.0,51.8,0.0,32.76,0.0,0.0
ORD-01273,2026-06-28,CUST-075,2952.87,103.0,0.0,0.0,0.0,0.0,0.0
ORD-01274,2026-02-19,CUST-110,341.86,31.0,0.0,0.0,0.0,6.84,0.0
ORD-01275,2026-02-01,CUST-106,2900.92,144.0,58.02,0.0,0.0,58.02,0.0
ORD-01276,2025-07-29,CUST-024,1339.31,84.0,40.18,0.0,0.0,0.0,0.0
ORD-01277,2026-05-18,CUST-085,1651.83,79.0,0.0,0.0,33.18,33.04,0.0
ORD-01278,2025-08-07,CUST-081,1437.73,91.0,28.75,35.08,38.22,14.38,0.0
ORD-01279,2025-07-09,CUST-036,1095.25,52.0,32.86,0.0,0.0,21.91,0.0
ORD-01280,2025-09-19,CUST-077,2379.25,152.0,35.69,43.54,63.84,0.0,0.0
ORD-01281,2025-07-12,CUST-019,3889.42,122.0,38.89,0.0,51.24,0.0,0.0
ORD-01282,2026-03-06,CUST-112,1121.27,55.0,0.0,25.34,0.0,0.0,0.0
ORD-01283,2025-11-17,CUST-031,1142.08,37.0,51.39,0.0,0.0,11.42,0.0
ORD-01284,2025-10-19,CUST-049,1497.62,77.0,14.98,0.0,32.34,0.0,0.0
ORD-01285,2026-04-08,CUST-045,776.52,44.0,34.94,0.0,0.0,15.53,0.0
ORD-01286,2025-07-20,CUST-038,1033.91,67.0,10.34,0.0,0.0,0.0,0.0
ORD-01287,2026-04-24,CUST-049,1609.75,91.0,16.1,0.0,38.22,0.0,0.0
ORD-01288,2026-06-17,CUST-092,243.26,17.0,10.95,0.0,7.14,0.0,0.0
ORD-01289,2026-01-28,CUST-017,716.5,63.0,7.17,12.61,26.46,0.0,0.0
ORD-01290,2025-08-21,CUST-057,976.05,48.0,14.64,0.0,20.16,19.52,0.0
ORD-01291,2026-06-17,CUST-045,916.5,63.0,41.24,0.0,0.0,18.33,0.0
ORD-01292,2026-02-17,CUST-001,1109.61,46.0,0.0,0.0,19.32,0.0,0.0
ORD-01293,2026-01-29,CUST-084,768.7,70.0,7.69,6.53,0.0,0.0,0.0
ORD-01294,2026-04-19,CUST-025,2387.94,161.0,35.82,32.24,67.62,0.0,0.0
ORD-01295,2025-07-23,CUST-049,681.93,25.0,6.82,0.0,10.5,0.0,0.0
ORD-01296,2025-07-12,CUST-015,2070.47,60.0,41.41,0.0,0.0,41.41,0.0
ORD-01297,2025-07-11,CUST-077,1059.03,74.0,15.89,19.38,31.08,0.0,0.0
ORD-01298,2025-10-01,CUST-091,911.9,76.0,0.0,12.95,31.92,0.0,0.0
ORD-01299,2025-12-18,CUST-031,1335.05,61.0,60.08,0.0,0.0,13.35,0.0
ORD-01300,2026-01-13,CUST-093,743.02,63.0,0.0,0.0,0.0,14.86,0.0
ORD-01301,2025-12-19,CUST-064,2415.19,138.0,0.0,46.13,0.0,0.0,0.0
ORD-01302,2026-04-05,CUST-074,767.03,59.0,11.51,0.0,24.78,15.34,0.0
ORD-01303,2025-11-11,CUST-062,1939.43,87.0,58.18,0.0,0.0,0.0,0.0
ORD-01304,2025-11-06,CUST-070,126.29,11.0,0.0,0.0,0.0,0.0,0.0
ORD-01305,2025-12-29,CUST-049,2136.29,104.0,21.36,0.0,43.68,0.0,0.0
ORD-01306,2026-01-12,CUST-063,1518.5,104.0,68.33,0.0,43.68,0.0,0.0
ORD-01307,2026-03-16,CUST-017,1978.4,120.0,19.78,34.82,50.4,0.0,0.0
ORD-01308,2026-02-01,CUST-001,3437.07,148.0,0.0,0.0,62.16,0.0,0.0
ORD-01309,2026-01-18,CUST-062,2146.54,130.0,64.4,0.0,0.0,0.0,0.0
ORD-01310,2026-03-12,CUST-084,621.28,41.0,6.21,5.28,0.0,0.0,0.0
ORD-01311,2025-11-29,CUST-051,1285.68,97.0,19.29,27.9,0.0,0.0,0.0
ORD-01312,2026-04-22,CUST-093,475.82,24.0,0.0,0.0,0.0,9.52,0.0
ORD-01313,2025-10-25,CUST-061,1307.36,74.0,26.15,0.0,0.0,26.15,0.0
ORD-01314,2026-01-28,CUST-009,1393.36,106.0,62.7,8.78,0.0,27.87,0.0
ORD-01315,2026-03-02,CUST-074,953.55,40.0,14.3,0.0,16.8,0.0,0.0
ORD-01316,2026-02-08,CUST-012,956.45,32.0,43.04,0.0,0.0,0.0,0.0
ORD-01317,2025-10-24,CUST-081,471.81,26.0,9.44,11.51,10.92,4.72,0.0
ORD-01318,2026-03-29,CUST-106,1342.85,96.0,26.86,0.0,0.0,26.86,0.0
ORD-01319,2026-01-10,CUST-057,770.97,33.0,11.56,0.0,13.86,15.42,0.0
ORD-01320,2025-10-25,CUST-020,440.82,24.0,8.82,0.0,0.0,0.0,0.0
ORD-01321,2025-07-13,CUST-044,1527.31,106.0,0.0,0.0,0.0,0.0,0.0
ORD-01322,2025-08-03,CUST-064,2159.54,123.0,0.0,41.25,0.0,0.0,0.0
ORD-01323,2026-05-12,CUST-090,88.2,12.0,1.76,0.0,0.0,0.0,0.0
ORD-01324,2026-03-03,CUST-119,233.45,21.0,4.67,1.87,0.0,0.0,0.0
ORD-01325,2025-12-16,CUST-010,390.08,36.0,17.55,0.0,15.12,0.0,0.0
ORD-01326,2026-02-22,CUST-070,614.92,45.0,0.0,0.0,0.0,0.0,0.0
ORD-01327,2025-07-01,CUST-055,1203.98,44.0,54.18,0.0,18.48,24.08,0.0
ORD-01328,2026-03-03,CUST-063,698.47,36.0,31.43,0.0,15.12,0.0,0.0
ORD-01329,2026-02-23,CUST-049,2352.11,165.0,23.52,0.0,69.3,0.0,0.0
ORD-01330,2025-11-11,CUST-021,742.34,41.0,0.0,0.0,0.0,0.0,0.0
ORD-01331,2025-08-09,CUST-087,811.18,56.0,0.0,0.0,0.0,16.22,0.0
ORD-01332,2026-01-15,CUST-038,317.38,22.0,3.17,0.0,0.0,0.0,0.0
ORD-01333,2026-05-17,CUST-035,288.58,21.0,12.99,0.0,8.82,0.0,0.0
ORD-01334,2026-01-14,CUST-096,227.11,16.0,0.0,0.0,0.0,0.0,0.0
ORD-01335,2025-11-23,CUST-018,1228.73,46.0,24.57,0.0,0.0,24.57,0.0
ORD-01336,2026-06-14,CUST-017,1765.93,90.0,17.66,31.08,37.8,0.0,0.0
ORD-01337,2025-07-13,CUST-105,402.35,19.0,6.04,0.0,0.0,0.0,0.0
ORD-01338,2026-05-31,CUST-070,423.46,31.0,0.0,0.0,0.0,0.0,0.0
ORD-01339,2025-08-23,CUST-042,1137.16,73.0,0.0,0.0,0.0,11.37,0.0
ORD-01340,2026-06-04,CUST-107,1556.54,43.0,15.57,0.0,0.0,31.13,0.0
ORD-01341,2025-07-11,CUST-068,417.98,29.0,4.18,0.0,0.0,0.0,0.0
ORD-01342,2026-01-08,CUST-104,2424.2,132.0,36.36,0.0,55.44,48.48,0.0
ORD-01343,2025-07-23,CUST-070,1765.08,88.0,0.0,0.0,0.0,0.0,0.0
ORD-01344,2025-07-28,CUST-062,2653.53,204.0,79.61,0.0,0.0,0.0,0.0
ORD-01345,2026-03-03,CUST-025,1125.8,80.0,16.89,15.2,33.6,0.0,0.0
ORD-01346,2025-08-20,CUST-016,1548.07,67.0,0.0,0.0,28.14,0.0,0.0
ORD-01347,2026-06-15,CUST-035,873.11,68.0,39.29,0.0,28.56,8.73,0.0
ORD-01348,2026-01-07,CUST-064,2150.18,135.0,0.0,41.07,0.0,0.0,0.0
ORD-01349,2026-06-14,CUST-082,1246.48,88.0,12.46,0.0,0.0,0.0,0.0
ORD-01350,2026-05-31,CUST-025,1634.4,80.0,24.52,22.06,33.6,0.0,0.0
ORD-01351,2026-02-13,CUST-022,1044.44,59.0,0.0,15.14,24.78,0.0,0.0
ORD-01352,2026-02-17,CUST-117,2240.83,136.0,0.0,0.0,57.12,44.82,264.16
ORD-01353,2026-01-05,CUST-049,2130.9,82.0,21.31,0.0,34.44,0.0,0.0
ORD-01354,2025-07-18,CUST-042,2466.14,61.0,0.0,0.0,0.0,24.66,0.0
ORD-01355,2025-12-06,CUST-110,1578.25,65.0,0.0,0.0,0.0,31.57,0.0
ORD-01356,2025-11-13,CUST-028,1420.96,74.0,28.42,0.0,0.0,0.0,0.0
ORD-01357,2025-08-10,CUST-070,1316.65,60.0,0.0,0.0,0.0,0.0,0.0
ORD-01358,2025-09-07,CUST-082,529.07,34.0,5.29,0.0,0.0,5.29,0.0
ORD-01359,2025-07-23,CUST-018,1755.17,47.0,35.1,0.0,0.0,35.1,0.0
ORD-01360,2025-11-24,CUST-049,705.01,48.0,7.05,0.0,20.16,0.0,0.0
ORD-01361,2026-01-15,CUST-047,945.17,46.0,9.45,0.0,19.32,0.0,0.0
ORD-01362,2026-02-04,CUST-030,2770.36,147.0,0.0,59.56,0.0,0.0,0.0
ORD-01363,2026-01-30,CUST-092,231.38,13.0,10.41,0.0,5.46,0.0,71.67
ORD-01364,2025-12-14,CUST-030,1827.14,128.0,0.0,39.28,0.0,0.0,0.0
ORD-01365,2026-04-27,CUST-074,1531.46,76.0,22.97,0.0,31.92,30.63,0.0
ORD-01366,2026-05-10,CUST-046,1524.8,70.0,68.62,0.0,0.0,0.0,0.0
ORD-01367,2026-01-02,CUST-099,767.88,28.0,15.36,0.0,11.76,0.0,0.0
ORD-01368,2025-11-23,CUST-110,321.49,23.0,0.0,0.0,0.0,0.0,0.0
ORD-01369,2025-07-15,CUST-030,1757.81,88.0,0.0,37.79,0.0,0.0,0.0
ORD-01370,2025-12-17,CUST-064,1368.39,72.0,0.0,26.14,0.0,0.0,0.0
ORD-01371,2025-10-25,CUST-117,781.65,46.0,0.0,0.0,19.32,15.63,0.0
ORD-01372,2026-04-16,CUST-109,339.79,24.0,6.8,2.58,0.0,0.0,0.0
ORD-01373,2026-01-06,CUST-099,276.22,16.0,5.52,0.0,6.72,5.52,0.0
ORD-01374,2026-04-28,CUST-064,1992.71,104.0,0.0,38.06,0.0,0.0,0.0
ORD-01375,2026-02-27,CUST-077,1153.28,76.0,17.3,21.11,31.92,0.0,0.0
ORD-01376,2025-12-08,CUST-115,776.04,47.0,15.52,0.0,19.74,0.0,0.0
ORD-01377,2026-06-07,CUST-005,1054.84,39.0,15.82,0.0,0.0,10.55,0.0
ORD-01378,2026-06-18,CUST-063,1327.72,89.0,59.75,0.0,37.38,0.0,0.0
ORD-01379,2025-08-19,CUST-120,1484.52,42.0,0.0,0.0,0.0,0.0,0.0
ORD-01380,2026-06-21,CUST-062,1492.75,70.0,44.78,0.0,0.0,0.0,0.0
ORD-01381,2026-03-16,CUST-067,609.14,23.0,0.0,0.0,0.0,0.0,0.0
ORD-01382,2026-05-26,CUST-117,862.78,63.0,0.0,0.0,26.46,17.26,0.0
ORD-01383,2025-07-12,CUST-077,1416.82,63.0,21.25,25.93,26.46,0.0,0.0
ORD-01384,2025-08-06,CUST-062,1033.26,47.0,31.0,0.0,0.0,0.0,0.0
ORD-01385,2026-03-22,CUST-011,91.44,9.0,1.83,0.0,0.0,0.0,0.0
ORD-01386,2025-07-24,CUST-028,390.96,20.0,7.82,0.0,0.0,0.0,0.0
ORD-01387,2025-08-30,CUST-062,1065.35,57.0,31.96,0.0,0.0,0.0,0.0
ORD-01388,2025-11-08,CUST-108,1571.52,54.0,47.15,0.0,0.0,31.43,0.0
ORD-01389,2025-10-05,CUST-064,1588.35,84.0,0.0,30.34,0.0,0.0,0.0
ORD-01390,2026-06-24,CUST-117,1078.24,61.0,0.0,0.0,25.62,21.56,0.0
ORD-01391,2026-06-25,CUST-007,1280.52,58.0,19.21,0.0,0.0,0.0,0.0
ORD-01392,2026-06-23,CUST-058,979.99,42.0,44.1,21.17,0.0,0.0,0.0
ORD-01393,2025-09-20,CUST-097,876.71,42.0,8.77,0.0,0.0,17.53,0.0
ORD-01394,2026-01-16,CUST-110,1824.39,81.0,0.0,0.0,0.0,36.49,0.0
ORD-01395,2026-06-14,CUST-061,1222.29,80.0,24.45,0.0,0.0,0.0,0.0
ORD-01396,2025-07-15,CUST-022,245.7,20.0,0.0,3.56,8.4,0.0,0.0
ORD-01397,2026-04-09,CUST-019,1961.68,69.0,19.62,0.0,28.98,0.0,0.0
ORD-01398,2025-10-05,CUST-075,582.63,18.0,0.0,0.0,0.0,0.0,0.0
ORD-01399,2025-11-18,CUST-105,692.15,27.0,10.38,0.0,0.0,0.0,56.25
ORD-01400,2026-04-24,CUST-013,1461.66,84.0,65.77,24.12,0.0,14.62,0.0
ORD-01401,2026-02-08,CUST-087,178.59,19.0,0.0,0.0,0.0,3.57,0.0
ORD-01402,2026-05-20,CUST-064,617.56,44.0,0.0,11.8,0.0,0.0,0.0
ORD-01403,2025-09-23,CUST-077,1445.03,81.0,21.68,26.44,34.02,0.0,0.0
ORD-01404,2026-06-27,CUST-064,2054.16,131.0,0.0,39.23,0.0,0.0,0.0
ORD-01405,2026-05-11,CUST-103,1548.45,115.0,15.48,0.0,0.0,30.97,0.0
ORD-01406,2026-01-13,CUST-101,797.33,31.0,35.88,0.0,13.02,7.97,0.0
ORD-01407,2026-03-18,CUST-046,1168.76,31.0,52.59,0.0,0.0,0.0,0.0
ORD-01408,2025-07-28,CUST-009,3111.0,91.0,140.0,19.6,0.0,62.22,0.0
ORD-01409,2025-10-23,CUST-013,403.31,32.0,18.15,6.65,0.0,4.03,0.0
ORD-01410,2026-01-27,CUST-083,617.06,47.0,0.0,8.58,0.0,6.17,0.0
ORD-01411,2025-07-07,CUST-062,1610.38,83.0,48.31,0.0,0.0,0.0,0.0
ORD-01412,2025-07-04,CUST-064,1930.17,113.0,0.0,36.87,0.0,0.0,0.0
ORD-01413,2025-09-02,CUST-049,1763.42,92.0,17.63,0.0,38.64,0.0,0.0
ORD-01414,2026-03-15,CUST-020,563.24,28.0,11.26,0.0,0.0,5.63,0.0
ORD-01415,2025-08-07,CUST-067,824.99,37.0,0.0,0.0,0.0,0.0,0.0
ORD-01416,2026-03-20,CUST-046,1166.0,33.0,52.47,0.0,0.0,0.0,0.0
ORD-01417,2026-06-03,CUST-065,988.27,60.0,19.77,0.0,0.0,0.0,0.0
ORD-01418,2026-01-04,CUST-110,344.94,10.0,0.0,0.0,0.0,0.0,0.0
ORD-01419,2026-02-13,CUST-093,498.11,27.0,0.0,0.0,0.0,9.96,0.0
ORD-01420,2025-08-20,CUST-065,112.59,15.0,2.25,0.0,0.0,0.0,0.0
ORD-01421,2026-03-13,CUST-043,1705.86,76.0,17.06,0.0,31.92,0.0,0.0
ORD-01422,2026-03-20,CUST-069,773.36,36.0,11.6,0.0,15.12,7.73,0.0
ORD-01423,2025-12-09,CUST-061,1073.5,70.0,21.47,0.0,0.0,0.0,0.0
ORD-01424,2025-12-04,CUST-047,1564.58,158.0,15.65,0.0,66.36,0.0,0.0
ORD-01425,2026-01-19,CUST-098,836.47,48.0,0.0,0.0,0.0,0.0,0.0
ORD-01426,2026-06-06,CUST-009,760.89,21.0,34.24,4.79,0.0,15.22,0.0
ORD-01427,2026-03-28,CUST-062,1422.76,102.0,42.68,0.0,0.0,0.0,0.0
ORD-01428,2025-10-08,CUST-117,1026.94,57.0,0.0,0.0,23.94,20.54,0.0
ORD-01429,2026-02-14,CUST-087,299.09,18.0,0.0,0.0,0.0,0.0,0.0
ORD-01430,2026-06-24,CUST-023,761.01,30.0,15.22,13.17,0.0,0.0,0.0
ORD-01431,2026-03-02,CUST-006,1567.35,81.0,23.51,0.0,0.0,0.0,0.0
ORD-01432,2025-09-12,CUST-067,998.3,37.0,0.0,0.0,0.0,0.0,0.0
ORD-01433,2025-07-12,CUST-015,1920.48,54.0,38.41,0.0,0.0,38.41,0.0
ORD-01434,2025-10-29,CUST-063,1295.08,74.0,58.28,0.0,31.08,0.0,0.0
ORD-01435,2025-08-12,CUST-040,962.76,82.0,43.32,8.09,0.0,0.0,0.0
ORD-01436,2026-05-27,CUST-117,1556.28,108.0,0.0,0.0,45.36,31.13,0.0
ORD-01437,2025-12-17,CUST-093,1302.08,52.0,0.0,0.0,0.0,26.04,0.0
ORD-01438,2025-10-26,CUST-045,1432.55,83.0,64.46,0.0,0.0,28.65,0.0
ORD-01439,2025-12-12,CUST-062,547.03,49.0,16.41,0.0,0.0,0.0,0.0
ORD-01440,2026-05-12,CUST-110,195.3,15.0,0.0,0.0,0.0,3.91,0.0
ORD-01441,2026-02-27,CUST-058,1953.14,131.0,87.89,42.19,0.0,0.0,0.0
ORD-01442,2025-11-12,CUST-076,1351.43,39.0,60.81,0.0,16.38,0.0,0.0
ORD-01443,2025-12-10,CUST-064,2571.25,162.0,0.0,49.11,0.0,0.0,0.0
ORD-01444,2025-09-06,CUST-056,1653.6,86.0,16.54,0.0,0.0,16.54,0.0
ORD-01445,2025-10-08,CUST-001,1074.19,44.0,0.0,0.0,18.48,0.0,0.0
ORD-01446,2026-01-26,CUST-064,2667.57,109.0,0.0,50.95,0.0,0.0,0.0
ORD-01447,2025-10-14,CUST-062,880.12,50.0,26.4,0.0,0.0,0.0,0.0
ORD-01448,2026-04-11,CUST-013,846.59,55.0,38.1,13.97,0.0,0.0,0.0
ORD-01449,2025-09-25,CUST-081,1134.44,67.0,22.69,27.68,28.14,0.0,0.0
ORD-01450,2025-09-23,CUST-018,1172.22,57.0,23.44,0.0,0.0,0.0,0.0
ORD-01451,2026-02-19,CUST-108,874.32,45.0,26.23,0.0,0.0,17.49,0.0
ORD-01452,2026-01-25,CUST-072,1373.02,98.0,0.0,0.0,0.0,13.73,0.0
ORD-01453,2025-12-28,CUST-047,1051.53,79.0,10.52,0.0,33.18,0.0,0.0
ORD-01454,2026-04-02,CUST-097,2489.66,128.0,24.9,0.0,0.0,49.79,0.0
ORD-01455,2025-10-15,CUST-067,1885.78,54.0,0.0,0.0,0.0,0.0,0.0
ORD-01456,2026-05-08,CUST-048,841.76,63.0,16.84,15.91,0.0,16.84,0.0
ORD-01457,2026-06-21,CUST-012,1096.63,49.0,49.35,0.0,0.0,0.0,162.72
ORD-01458,2026-06-10,CUST-116,952.8,76.0,42.88,17.63,0.0,19.06,0.0
ORD-01459,2026-06-06,CUST-094,1917.79,82.0,38.36,0.0,34.44,19.18,0.0
ORD-01460,2025-12-02,CUST-018,1769.79,60.0,35.4,0.0,0.0,35.4,0.0
ORD-01461,2026-04-13,CUST-038,588.77,24.0,5.89,0.0,0.0,0.0,0.0
ORD-01462,2026-04-05,CUST-119,683.54,48.0,13.67,5.47,0.0,13.67,155.3
ORD-01463,2025-10-08,CUST-046,651.36,25.0,29.31,0.0,0.0,0.0,0.0
ORD-01464,2026-04-11,CUST-018,994.76,41.0,19.9,0.0,0.0,19.9,0.0
ORD-01465,2026-01-16,CUST-077,2501.44,148.0,37.52,45.78,62.16,0.0,0.0
ORD-01466,2026-03-07,CUST-003,1926.7,72.0,57.8,29.48,0.0,38.53,0.0
ORD-01467,2026-04-18,CUST-015,746.18,34.0,14.92,0.0,0.0,14.92,0.0
ORD-01468,2026-04-03,CUST-071,858.65,21.0,0.0,0.0,8.82,0.0,0.0
ORD-01469,2025-09-09,CUST-056,1090.51,50.0,10.91,0.0,0.0,10.91,0.0
ORD-01470,2025-09-04,CUST-044,1061.0,43.0,0.0,0.0,0.0,21.22,0.0
ORD-01471,2025-09-05,CUST-011,1258.82,68.0,25.18,0.0,0.0,0.0,0.0
ORD-01472,2026-05-25,CUST-074,362.33,19.0,5.43,0.0,7.98,0.0,0.0
ORD-01473,2025-07-26,CUST-112,1428.73,79.0,0.0,32.29,0.0,0.0,0.0
ORD-01474,2026-04-09,CUST-049,1107.81,81.0,11.08,0.0,34.02,0.0,0.0
ORD-01475,2026-05-06,CUST-070,1518.73,100.0,0.0,0.0,0.0,0.0,0.0
ORD-01476,2026-03-27,CUST-093,910.95,57.0,0.0,0.0,0.0,18.22,0.0
ORD-01477,2025-12-18,CUST-009,569.21,34.0,25.61,3.59,0.0,11.38,0.0
ORD-01478,2025-12-08,CUST-015,2667.76,78.0,53.36,0.0,0.0,53.36,0.0
ORD-01479,2026-01-16,CUST-036,1301.4,42.0,39.04,0.0,0.0,26.03,0.0
ORD-01480,2025-10-19,CUST-013,722.73,61.0,32.52,11.93,0.0,7.23,0.0
ORD-01481,2025-08-25,CUST-007,267.68,17.0,4.02,0.0,0.0,0.0,0.0
ORD-01482,2025-09-22,CUST-088,966.74,63.0,0.0,0.0,0.0,19.33,0.0
ORD-01483,2025-08-23,CUST-104,979.94,68.0,14.7,0.0,28.56,0.0,0.0
ORD-01484,2025-11-10,CUST-018,4318.91,106.0,86.38,0.0,0.0,86.38,0.0
ORD-01485,2026-04-23,CUST-086,3429.64,92.0,51.44,0.0,0.0,34.3,1138.9
ORD-01486,2026-06-11,CUST-079,1178.35,57.0,23.57,0.0,0.0,0.0,0.0
ORD-01487,2025-09-26,CUST-018,1210.01,58.0,24.2,0.0,0.0,24.2,0.0
ORD-01488,2026-04-20,CUST-104,2860.79,103.0,42.91,0.0,43.26,57.22,0.0
ORD-01489,2026-01-02,CUST-064,950.94,68.0,0.0,18.16,0.0,0.0,0.0
ORD-01490,2026-02-03,CUST-015,2557.01,100.0,51.14,0.0,0.0,51.14,0.0
ORD-01491,2026-04-05,CUST-036,10.53,3.0,0.32,0.0,0.0,0.0,0.0
ORD-01492,2025-07-30,CUST-006,1392.58,69.0,20.89,0.0,0.0,27.85,0.0
ORD-01493,2025-07-15,CUST-111,151.05,10.0,3.02,1.96,0.0,1.51,46.37
ORD-01494,2026-02-01,CUST-078,1225.62,54.0,0.0,0.0,0.0,0.0,0.0
ORD-01495,2026-05-17,CUST-062,2253.6,73.0,67.61,0.0,0.0,0.0,0.0
ORD-01496,2026-06-26,CUST-046,1289.11,70.0,58.01,0.0,0.0,0.0,0.0
ORD-01497,2025-10-15,CUST-046,311.52,14.0,14.02,0.0,0.0,0.0,0.0
ORD-01498,2025-07-05,CUST-117,827.91,60.0,0.0,0.0,25.2,16.56,0.0
ORD-01499,2025-10-04,CUST-067,1399.83,51.0,0.0,0.0,0.0,0.0,0.0
ORD-01500,2025-10-26,CUST-043,1445.83,111.0,14.46,0.0,46.62,0.0,0.0
ORD-01501,2026-02-09,CUST-013,1058.31,39.0,47.62,17.46,0.0,10.58,0.0
ORD-01502,2025-10-15,CUST-042,941.16,25.0,0.0,0.0,0.0,0.0,0.0
ORD-01503,2025-07-20,CUST-010,958.59,53.0,43.14,0.0,22.26,19.17,0.0
ORD-01504,2025-08-15,CUST-099,1237.67,68.0,24.75,0.0,28.56,24.75,0.0
ORD-01505,2025-11-23,CUST-070,1415.51,54.0,0.0,0.0,0.0,0.0,0.0
ORD-01506,2025-07-21,CUST-049,2445.29,125.0,24.45,0.0,52.5,0.0,0.0
ORD-01507,2026-05-16,CUST-005,2390.48,93.0,35.86,0.0,0.0,0.0,0.0
ORD-01508,2025-08-03,CUST-074,1944.16,58.0,29.16,0.0,24.36,0.0,0.0
ORD-01509,2026-06-19,CUST-021,1441.05,68.0,0.0,0.0,0.0,0.0,0.0
ORD-01510,2025-12-05,CUST-119,454.77,33.0,9.1,3.64,0.0,9.1,0.0
ORD-01511,2026-06-28,CUST-016,541.41,29.0,0.0,0.0,12.18,5.41,0.0
ORD-01512,2025-08-05,CUST-091,931.3,53.0,0.0,13.22,22.26,0.0,0.0
ORD-01513,2026-03-31,CUST-030,2244.27,111.0,0.0,48.25,0.0,0.0,0.0
ORD-01514,2026-03-31,CUST-047,1442.59,82.0,14.43,0.0,34.44,0.0,0.0
ORD-01515,2025-11-03,CUST-085,3018.44,80.0,0.0,0.0,33.6,60.37,0.0
ORD-01516,2026-01-03,CUST-045,991.01,73.0,44.6,0.0,0.0,19.82,0.0
ORD-01517,2026-02-27,CUST-014,984.85,54.0,0.0,0.0,22.68,0.0,0.0
ORD-01518,2025-08-28,CUST-064,3567.65,164.0,0.0,68.14,0.0,0.0,0.0
ORD-01519,2025-07-21,CUST-094,1680.81,82.0,33.62,0.0,34.44,0.0,0.0
ORD-01520,2026-06-23,CUST-034,2426.87,145.0,0.0,56.06,0.0,0.0,0.0
ORD-01521,2026-03-28,CUST-025,1015.26,59.0,15.23,13.71,24.78,0.0,0.0
ORD-01522,2026-06-29,CUST-021,1781.18,129.0,0.0,0.0,0.0,0.0,0.0
ORD-01523,2026-04-18,CUST-009,483.03,39.0,21.74,3.04,0.0,0.0,0.0
ORD-01524,2025-07-08,CUST-042,2532.53,76.0,0.0,0.0,0.0,25.33,0.0
ORD-01525,2025-11-29,CUST-030,1014.2,75.0,0.0,21.81,0.0,0.0,290.55
ORD-01526,2026-06-03,CUST-091,971.92,95.0,0.0,13.8,39.9,0.0,0.0
ORD-01527,2025-08-15,CUST-049,1157.27,64.0,11.57,0.0,26.88,0.0,0.0
ORD-01528,2026-06-22,CUST-078,1839.13,72.0,0.0,0.0,0.0,0.0,0.0
ORD-01529,2026-06-18,CUST-111,638.07,46.0,12.76,8.29,0.0,0.0,0.0
ORD-01530,2025-07-13,CUST-064,1898.47,98.0,0.0,36.26,0.0,0.0,0.0
ORD-01531,2026-05-08,CUST-060,2166.8,93.0,43.34,0.0,39.06,0.0,0.0
ORD-01532,2025-09-28,CUST-064,1658.71,104.0,0.0,31.68,0.0,0.0,0.0
ORD-01533,2025-10-07,CUST-057,653.35,35.0,9.8,0.0,14.7,0.0,0.0
ORD-01534,2026-03-11,CUST-086,1589.97,63.0,23.85,0.0,0.0,15.9,0.0
ORD-01535,2025-11-15,CUST-047,1398.34,96.0,13.98,0.0,40.32,0.0,0.0
ORD-01536,2025-07-25,CUST-086,1445.93,44.0,21.69,0.0,0.0,0.0,0.0
ORD-01537,2025-09-16,CUST-018,1451.83,50.0,29.04,0.0,0.0,29.04,0.0
ORD-01538,2026-04-07,CUST-064,2829.5,167.0,0.0,54.04,0.0,0.0,0.0
ORD-01539,2026-01-13,CUST-097,946.01,39.0,9.46,0.0,0.0,18.92,0.0
ORD-01540,2026-01-20,CUST-025,1999.75,104.0,30.0,27.0,43.68,0.0,0.0
ORD-01541,2026-04-12,CUST-098,1294.5,76.0,0.0,0.0,0.0,0.0,0.0
ORD-01542,2025-11-10,CUST-068,1332.18,59.0,13.32,0.0,0.0,0.0,0.0
ORD-01543,2025-07-20,CUST-119,1100.59,65.0,22.01,8.8,0.0,22.01,0.0
ORD-01544,2026-03-24,CUST-099,1248.25,34.0,24.96,0.0,14.28,24.96,0.0
ORD-01545,2026-06-24,CUST-034,1065.91,48.0,0.0,24.62,0.0,0.0,0.0
ORD-01546,2025-11-27,CUST-104,1990.82,102.0,29.86,0.0,42.84,0.0,0.0
ORD-01547,2025-12-24,CUST-054,201.3,10.0,2.01,3.74,4.2,0.0,34.26
ORD-01548,2026-03-23,CUST-057,1007.29,109.0,15.11,0.0,45.78,20.15,0.0
ORD-01549,2025-10-16,CUST-106,310.62,20.0,6.21,0.0,0.0,6.21,0.0
ORD-01550,2025-08-10,CUST-073,518.49,44.0,10.37,2.8,0.0,0.0,0.0
ORD-01551,2026-04-27,CUST-058,899.29,56.0,40.47,19.42,0.0,0.0,0.0
ORD-01552,2025-12-24,CUST-017,2540.01,97.0,25.4,44.7,40.74,0.0,0.0
ORD-01553,2026-03-23,CUST-027,1224.23,88.0,18.36,12.85,36.96,12.24,0.0
ORD-01554,2025-07-19,CUST-060,1623.95,70.0,32.48,0.0,29.4,0.0,0.0
ORD-01555,2026-06-13,CUST-119,1301.14,68.0,26.02,10.41,0.0,0.0,0.0
ORD-01556,2025-09-24,CUST-094,321.08,23.0,6.42,0.0,9.66,0.0,0.0
ORD-01557,2026-02-27,CUST-049,1766.65,78.0,17.67,0.0,32.76,0.0,0.0
ORD-01558,2025-12-25,CUST-092,1936.34,97.0,87.14,0.0,40.74,0.0,0.0
ORD-01559,2026-02-20,CUST-053,1258.64,96.0,0.0,0.0,40.32,0.0,0.0
ORD-01560,2026-06-04,CUST-018,1686.83,83.0,33.74,0.0,0.0,33.74,0.0
ORD-01561,2026-03-22,CUST-079,273.72,9.0,5.47,0.0,0.0,5.47,0.0
ORD-01562,2026-01-06,CUST-036,1029.48,37.0,30.88,0.0,0.0,20.59,0.0
ORD-01563,2026-05-12,CUST-061,1289.71,42.0,25.79,0.0,0.0,25.79,0.0
ORD-01564,2025-09-07,CUST-077,1249.47,59.0,18.74,22.87,24.78,0.0,0.0
ORD-01565,2025-12-13,CUST-004,786.21,31.0,23.59,7.39,13.02,0.0,0.0
ORD-01566,2025-11-17,CUST-006,1115.87,63.0,16.74,0.0,0.0,0.0,0.0
ORD-01567,2025-10-04,CUST-009,1098.46,79.0,49.43,6.92,0.0,21.97,0.0
ORD-01568,2025-10-10,CUST-044,1405.77,72.0,0.0,0.0,0.0,28.12,0.0
ORD-01569,2026-05-29,CUST-036,2233.97,92.0,67.02,0.0,0.0,0.0,0.0
ORD-01570,2025-10-22,CUST-106,2070.52,69.0,41.41,0.0,0.0,41.41,0.0
ORD-01571,2025-11-14,CUST-095,470.98,51.0,9.42,0.0,0.0,9.42,0.0
ORD-01572,2026-01-02,CUST-117,1521.49,119.0,0.0,0.0,49.98,0.0,0.0
ORD-01573,2025-08-05,CUST-017,296.97,28.0,2.97,5.23,11.76,0.0,0.0
ORD-01574,2025-07-22,CUST-023,962.59,80.0,19.25,16.65,0.0,0.0,0.0
ORD-01575,2026-01-20,CUST-091,325.47,26.0,0.0,4.62,10.92,0.0,0.0
ORD-01576,2025-08-31,CUST-022,607.36,48.0,0.0,8.81,20.16,6.07,0.0
ORD-01577,2026-03-29,CUST-076,851.34,25.0,38.31,0.0,10.5,0.0,0.0
ORD-01578,2026-02-13,CUST-057,1526.04,73.0,22.89,0.0,30.66,30.52,0.0
ORD-01579,2025-10-20,CUST-028,470.36,33.0,9.41,0.0,0.0,0.0,0.0
ORD-01580,2025-10-05,CUST-119,682.7,39.0,13.65,5.46,0.0,13.65,0.0
ORD-01581,2026-05-15,CUST-048,2289.64,71.0,45.79,43.27,0.0,45.79,0.0
ORD-01582,2026-03-07,CUST-075,1339.59,91.0,0.0,0.0,0.0,0.0,0.0
ORD-01583,2025-07-21,CUST-003,576.06,30.0,17.28,8.81,0.0,0.0,0.0
ORD-01584,2025-08-24,CUST-077,1671.65,66.0,25.07,30.59,27.72,0.0,0.0
ORD-01585,2025-11-12,CUST-001,2394.24,75.0,0.0,0.0,31.5,0.0,0.0
ORD-01586,2025-08-27,CUST-050,403.97,45.0,4.04,5.94,18.9,0.0,0.0
ORD-01587,2026-02-13,CUST-101,1927.99,74.0,86.76,0.0,31.08,19.28,0.0
ORD-01588,2025-07-29,CUST-039,819.51,50.0,36.88,13.69,0.0,0.0,0.0
ORD-01589,2026-01-25,CUST-034,628.58,53.0,0.0,14.52,0.0,0.0,0.0
ORD-01590,2025-09-19,CUST-075,1034.21,41.0,0.0,0.0,0.0,0.0,0.0
ORD-01591,2025-08-13,CUST-040,1171.43,65.0,52.71,9.84,0.0,0.0,0.0
ORD-01592,2026-05-01,CUST-098,1557.54,70.0,0.0,0.0,0.0,0.0,0.0
ORD-01593,2025-09-24,CUST-003,869.66,40.0,26.09,13.31,0.0,0.0,0.0
ORD-01594,2025-07-01,CUST-094,3022.12,115.0,60.44,0.0,48.3,30.22,0.0
ORD-01595,2026-06-24,CUST-058,1156.53,84.0,52.04,24.98,0.0,0.0,0.0
ORD-01596,2026-03-24,CUST-070,1180.92,55.0,0.0,0.0,0.0,0.0,0.0
ORD-01597,2026-02-25,CUST-031,410.2,13.0,18.46,0.0,0.0,4.1,0.0
ORD-01598,2025-07-23,CUST-097,508.32,35.0,5.08,0.0,0.0,10.17,0.0
ORD-01599,2026-04-21,CUST-043,1588.98,92.0,15.89,0.0,38.64,0.0,0.0
ORD-01600,2025-09-07,CUST-104,1041.22,78.0,15.62,0.0,32.76,20.82,0.0
ORD-01601,2026-01-28,CUST-101,313.48,17.0,14.11,0.0,7.14,3.13,0.0
ORD-01602,2025-07-14,CUST-030,1263.89,82.0,0.0,27.17,0.0,0.0,0.0
ORD-01603,2026-03-12,CUST-044,147.98,13.0,0.0,0.0,0.0,2.96,0.0
ORD-01604,2025-10-18,CUST-056,1356.13,51.0,13.56,0.0,0.0,13.56,0.0
ORD-01605,2025-11-12,CUST-042,826.14,31.0,0.0,0.0,0.0,8.26,0.0
ORD-01606,2026-02-07,CUST-055,842.8,55.0,37.93,0.0,23.1,16.86,0.0
ORD-01607,2025-08-24,CUST-063,979.69,87.0,44.09,0.0,36.54,0.0,0.0
ORD-01608,2026-06-17,CUST-017,925.09,49.0,9.25,16.28,20.58,0.0,0.0
ORD-01609,2025-12-07,CUST-075,1419.24,63.0,0.0,0.0,0.0,0.0,0.0
ORD-01610,2026-01-17,CUST-003,1273.55,76.0,38.21,19.49,0.0,25.47,0.0
ORD-01611,2025-07-06,CUST-075,1371.86,86.0,0.0,0.0,0.0,0.0,0.0
ORD-01612,2026-06-06,CUST-064,1851.0,108.0,0.0,35.35,0.0,0.0,0.0
ORD-01613,2025-12-23,CUST-044,1430.42,113.0,0.0,0.0,0.0,28.61,0.0
ORD-01614,2025-08-02,CUST-044,1461.51,79.0,0.0,0.0,0.0,0.0,0.0
ORD-01615,2025-08-05,CUST-046,903.08,29.0,40.64,0.0,0.0,0.0,0.0
ORD-01616,2026-03-05,CUST-030,773.03,37.0,0.0,16.62,0.0,0.0,0.0
ORD-01617,2026-01-17,CUST-005,1389.66,38.0,20.84,0.0,0.0,0.0,0.0
ORD-01618,2026-05-21,CUST-018,1235.03,49.0,24.7,0.0,0.0,0.0,0.0
ORD-01619,2025-12-18,CUST-077,1024.66,85.0,15.37,18.75,35.7,0.0,0.0
ORD-01620,2025-10-23,CUST-073,1828.43,88.0,36.57,9.87,0.0,0.0,0.0
ORD-01621,2026-04-11,CUST-015,1756.2,73.0,35.12,0.0,0.0,35.12,230.03
ORD-01622,2026-03-26,CUST-049,1306.48,63.0,13.06,0.0,26.46,0.0,0.0
ORD-01623,2026-05-10,CUST-091,663.27,42.0,0.0,9.42,17.64,0.0,0.0
ORD-01624,2026-04-24,CUST-061,2764.68,130.0,55.29,0.0,0.0,55.29,0.0
ORD-01625,2026-01-05,CUST-005,1628.38,53.0,24.43,0.0,0.0,16.28,0.0
ORD-01626,2025-07-30,CUST-047,1508.5,106.0,15.09,0.0,44.52,0.0,0.0
ORD-01627,2026-02-12,CUST-060,1726.8,77.0,34.54,0.0,32.34,17.27,0.0
ORD-01628,2026-05-08,CUST-111,1217.12,61.0,24.34,15.82,0.0,12.17,0.0
ORD-01629,2025-11-04,CUST-064,910.98,58.0,0.0,17.4,0.0,0.0,0.0
ORD-01630,2026-01-28,CUST-099,707.83,45.0,14.16,0.0,18.9,0.0,0.0
ORD-01631,2026-05-06,CUST-036,799.89,27.0,24.0,0.0,0.0,16.0,0.0
ORD-01632,2026-01-27,CUST-064,2386.05,129.0,0.0,45.57,0.0,0.0,0.0
ORD-01633,2025-10-05,CUST-064,1917.43,91.0,0.0,36.62,0.0,0.0,0.0
ORD-01634,2025-10-18,CUST-034,2227.02,130.0,0.0,51.44,0.0,0.0,0.0
ORD-01635,2025-10-09,CUST-089,1153.77,49.0,51.92,0.0,0.0,0.0,0.0
ORD-01636,2025-08-18,CUST-105,441.72,30.0,6.63,0.0,0.0,0.0,0.0
ORD-01637,2026-04-11,CUST-076,2224.15,64.0,100.09,0.0,26.88,0.0,0.0
ORD-01638,2025-09-07,CUST-068,1120.16,74.0,11.2,0.0,0.0,0.0,0.0
ORD-01639,2026-02-25,CUST-081,681.37,29.0,13.63,16.63,12.18,0.0,0.0
ORD-01640,2026-05-22,CUST-044,601.31,54.0,0.0,0.0,0.0,0.0,0.0
ORD-01641,2025-08-19,CUST-097,509.53,26.0,5.1,0.0,0.0,0.0,0.0
ORD-01642,2026-01-04,CUST-081,1103.68,76.0,22.07,26.93,31.92,0.0,0.0
ORD-01643,2025-07-16,CUST-078,1161.64,82.0,0.0,0.0,0.0,0.0,0.0
ORD-01644,2025-08-25,CUST-080,107.2,8.0,0.0,1.8,3.36,0.0,0.0
ORD-01645,2025-08-12,CUST-050,19.5,3.0,0.2,0.29,1.26,0.0,0.0
ORD-01646,2026-04-04,CUST-003,407.51,38.0,12.23,6.23,0.0,0.0,0.0
ORD-01647,2026-04-28,CUST-078,445.35,28.0,0.0,0.0,0.0,0.0,0.0
ORD-01648,2025-12-23,CUST-021,920.22,62.0,0.0,0.0,0.0,0.0,0.0
ORD-01649,2026-04-29,CUST-106,629.43,42.0,12.59,0.0,0.0,0.0,0.0
ORD-01650,2026-03-26,CUST-062,1618.76,59.0,48.56,0.0,0.0,0.0,0.0
ORD-01651,2025-07-23,CUST-117,1779.98,104.0,0.0,0.0,43.68,35.6,0.0
ORD-01652,2025-12-07,CUST-031,2093.85,82.0,94.22,0.0,0.0,0.0,493.97
ORD-01653,2026-03-21,CUST-080,1516.89,84.0,0.0,25.48,35.28,30.34,0.0
ORD-01654,2025-11-28,CUST-046,1440.87,60.0,64.84,0.0,0.0,0.0,0.0
ORD-01655,2025-11-25,CUST-119,1036.78,55.0,20.74,8.29,0.0,0.0,0.0
ORD-01656,2026-04-05,CUST-048,1229.83,62.0,24.6,23.24,0.0,24.6,0.0
ORD-01657,2025-11-21,CUST-073,1529.55,97.0,30.59,8.26,0.0,0.0,0.0
ORD-01658,2026-06-20,CUST-038,2378.48,118.0,23.78,0.0,0.0,0.0,0.0
ORD-01659,2026-01-28,CUST-074,622.51,43.0,9.34,0.0,18.06,12.45,0.0
ORD-01660,2025-12-29,CUST-008,686.49,39.0,6.86,0.0,16.38,6.86,0.0
ORD-01661,2025-12-21,CUST-001,722.61,29.0,0.0,0.0,12.18,0.0,0.0
ORD-01662,2025-09-02,CUST-038,517.61,33.0,5.18,0.0,0.0,0.0,0.0
ORD-01663,2026-02-03,CUST-064,2143.21,164.0,0.0,40.94,0.0,0.0,0.0
ORD-01664,2025-11-27,CUST-098,1088.98,80.0,0.0,0.0,0.0,0.0,0.0
ORD-01665,2026-06-18,CUST-115,494.53,46.0,9.89,0.0,19.32,9.89,0.0
ORD-01666,2025-09-05,CUST-043,920.2,73.0,9.2,0.0,30.66,0.0,0.0
ORD-01667,2025-11-10,CUST-092,963.85,31.0,43.37,0.0,13.02,0.0,0.0
ORD-01668,2025-08-31,CUST-011,97.46,11.0,1.95,0.0,0.0,0.0,0.0
ORD-01669,2025-08-19,CUST-050,338.54,31.0,3.39,4.98,13.02,0.0,0.0
ORD-01670,2025-07-15,CUST-039,1102.53,85.0,49.61,18.41,0.0,0.0,0.0
ORD-01671,2025-12-02,CUST-044,630.85,46.0,0.0,0.0,0.0,12.62,0.0
ORD-01672,2026-06-11,CUST-062,129.4,17.0,3.88,0.0,0.0,0.0,0.0
ORD-01673,2026-01-26,CUST-064,2292.66,163.0,0.0,43.79,0.0,0.0,0.0
ORD-01674,2026-03-19,CUST-027,434.72,42.0,6.52,4.56,17.64,0.0,0.0
ORD-01675,2026-01-07,CUST-098,2559.69,114.0,0.0,0.0,0.0,25.6,0.0
ORD-01676,2025-07-20,CUST-110,1466.05,81.0,0.0,0.0,0.0,29.32,0.0
ORD-01677,2025-12-14,CUST-048,846.99,66.0,16.94,16.01,0.0,16.94,0.0
ORD-01678,2026-04-14,CUST-091,1606.16,79.0,0.0,22.81,33.18,0.0,0.0
ORD-01679,2025-11-07,CUST-067,1191.11,38.0,0.0,0.0,0.0,0.0,0.0
ORD-01680,2026-01-29,CUST-046,2749.57,86.0,123.73,0.0,0.0,0.0,0.0
ORD-01681,2025-08-23,CUST-049,1299.94,89.0,13.0,0.0,37.38,0.0,0.0
ORD-01682,2026-03-21,CUST-027,2621.54,102.0,39.32,27.53,42.84,26.22,0.0
ORD-01683,2026-01-01,CUST-064,1160.89,71.0,0.0,22.17,0.0,0.0,0.0
ORD-01684,2026-03-21,CUST-098,1381.68,66.0,0.0,0.0,0.0,0.0,0.0
ORD-01685,2025-07-04,CUST-019,1405.52,40.0,14.06,0.0,16.8,0.0,296.19
ORD-01686,2026-05-06,CUST-064,1600.51,89.0,0.0,30.57,0.0,0.0,0.0
ORD-01687,2025-09-27,CUST-018,1395.28,93.0,27.91,0.0,0.0,27.91,0.0
ORD-01688,2026-01-31,CUST-048,1567.58,62.0,31.35,29.63,0.0,31.35,0.0
ORD-01689,2025-11-08,CUST-030,1729.91,84.0,0.0,37.19,0.0,0.0,0.0
ORD-01690,2026-02-20,CUST-058,813.49,56.0,36.61,17.57,0.0,0.0,0.0
ORD-01691,2026-03-07,CUST-074,1378.64,90.0,20.68,0.0,37.8,27.57,0.0
ORD-01692,2025-09-06,CUST-120,303.68,8.0,0.0,0.0,0.0,0.0,0.0
ORD-01693,2026-04-01,CUST-110,433.04,27.0,0.0,0.0,0.0,8.66,0.0
ORD-01694,2025-08-06,CUST-114,1609.62,87.0,72.43,34.93,36.54,32.19,0.0
ORD-01695,2025-09-09,CUST-107,1461.57,69.0,14.62,0.0,0.0,29.23,0.0
ORD-01696,2025-11-26,CUST-044,1465.46,68.0,0.0,0.0,0.0,29.31,0.0
ORD-01697,2026-05-03,CUST-061,1792.94,47.0,35.86,0.0,0.0,35.86,0.0
ORD-01698,2026-06-16,CUST-117,1859.13,117.0,0.0,0.0,49.14,0.0,222.63
ORD-01699,2026-02-27,CUST-039,2144.62,115.0,96.51,35.82,0.0,0.0,143.69
ORD-01700,2025-11-04,CUST-004,453.32,39.0,13.6,4.26,16.38,0.0,0.0
ORD-01701,2025-12-13,CUST-039,1133.42,68.0,51.0,18.93,0.0,0.0,0.0
ORD-01702,2025-07-23,CUST-057,546.39,41.0,8.2,0.0,17.22,10.93,0.0
ORD-01703,2026-06-06,CUST-082,540.8,39.0,5.41,0.0,0.0,5.41,0.0
ORD-01704,2026-01-27,CUST-082,1283.6,79.0,12.84,0.0,0.0,12.84,0.0
ORD-01705,2026-03-10,CUST-044,956.98,69.0,0.0,0.0,0.0,19.14,0.0
ORD-01706,2025-11-23,CUST-118,166.2,17.0,7.48,1.7,7.14,0.0,0.0
ORD-01707,2026-01-23,CUST-017,1741.74,91.0,17.42,30.65,38.22,0.0,0.0
ORD-01708,2025-09-11,CUST-040,203.55,12.0,9.16,1.71,0.0,0.0,0.0
ORD-01709,2025-08-07,CUST-093,1172.01,77.0,0.0,0.0,0.0,23.44,0.0
ORD-01710,2026-05-01,CUST-052,2320.11,159.0,0.0,0.0,66.78,0.0,0.0
ORD-01711,2026-03-24,CUST-119,497.88,28.0,9.96,3.98,0.0,9.96,0.0
ORD-01712,2025-08-02,CUST-036,2332.38,92.0,69.97,0.0,0.0,46.65,0.0
ORD-01713,2025-08-02,CUST-074,539.33,52.0,8.09,0.0,21.84,10.79,0.0
ORD-01714,2025-08-28,CUST-049,2436.77,86.0,24.37,0.0,36.12,0.0,0.0
ORD-01715,2026-03-24,CUST-073,790.92,48.0,15.82,4.27,0.0,0.0,0.0
ORD-01716,2026-03-25,CUST-106,1335.55,60.0,26.71,0.0,0.0,0.0,0.0
ORD-01717,2025-09-13,CUST-117,1197.36,90.0,0.0,0.0,37.8,0.0,0.0
ORD-01718,2025-08-20,CUST-062,1587.53,71.0,47.63,0.0,0.0,0.0,0.0
ORD-01719,2025-11-13,CUST-058,935.11,36.0,42.08,20.2,0.0,0.0,0.0
ORD-01720,2025-07-29,CUST-101,361.57,17.0,16.27,0.0,7.14,3.62,0.0
ORD-01721,2026-05-10,CUST-049,1145.3,86.0,11.45,0.0,36.12,0.0,0.0
ORD-01722,2025-07-16,CUST-016,180.12,16.0,0.0,0.0,6.72,1.8,0.0
ORD-01723,2026-02-22,CUST-003,1336.69,63.0,40.1,20.45,0.0,26.73,0.0
ORD-01724,2026-01-26,CUST-066,10.28,1.0,0.21,0.0,0.0,0.21,0.0
ORD-01725,2025-12-23,CUST-110,2056.8,118.0,0.0,0.0,0.0,0.0,0.0
ORD-01726,2025-08-02,CUST-090,2328.08,69.0,46.56,0.0,0.0,46.56,0.0
ORD-01727,2025-09-04,CUST-002,674.47,60.0,6.74,5.73,0.0,0.0,0.0
ORD-01728,2026-01-06,CUST-111,1441.26,83.0,28.83,18.74,0.0,0.0,0.0
ORD-01729,2026-03-20,CUST-017,684.24,51.0,6.84,12.04,21.42,0.0,0.0
ORD-01730,2025-11-09,CUST-087,982.97,73.0,0.0,0.0,0.0,19.66,0.0
ORD-01731,2026-01-22,CUST-108,944.58,50.0,28.34,0.0,0.0,18.89,0.0
ORD-01732,2025-12-14,CUST-109,2319.63,77.0,46.39,17.63,0.0,0.0,0.0
ORD-01733,2026-04-05,CUST-099,1024.88,38.0,20.5,0.0,15.96,0.0,0.0
ORD-01734,2026-04-09,CUST-077,577.2,37.0,8.66,10.56,15.54,0.0,0.0
ORD-01735,2025-07-11,CUST-026,969.74,56.0,0.0,11.44,23.52,9.7,0.0
ORD-01736,2025-10-27,CUST-038,427.78,26.0,4.28,0.0,0.0,0.0,0.0
ORD-01737,2025-11-25,CUST-043,1138.58,103.0,11.39,0.0,43.26,0.0,0.0
ORD-01738,2026-04-14,CUST-047,1320.29,67.0,13.2,0.0,28.14,0.0,0.0
ORD-01739,2025-07-20,CUST-038,683.29,42.0,6.83,0.0,0.0,0.0,127.19
ORD-01740,2025-10-19,CUST-118,313.28,17.0,14.1,3.2,7.14,6.27,0.0
ORD-01741,2025-08-21,CUST-021,739.66,53.0,0.0,0.0,0.0,0.0,0.0
ORD-01742,2025-10-21,CUST-058,458.34,45.0,20.63,9.9,0.0,0.0,0.0
ORD-01743,2026-06-23,CUST-018,1840.81,65.0,36.82,0.0,0.0,36.82,0.0
ORD-01744,2026-01-28,CUST-108,812.74,28.0,24.38,0.0,0.0,16.25,0.0
ORD-01745,2026-02-06,CUST-037,1039.45,58.0,31.18,19.33,0.0,20.79,0.0
ORD-01746,2025-12-10,CUST-115,538.77,33.0,10.78,0.0,13.86,10.78,0.0
ORD-01747,2025-07-19,CUST-078,510.67,21.0,0.0,0.0,0.0,0.0,0.0
ORD-01748,2025-12-28,CUST-099,1668.46,73.0,33.37,0.0,30.66,33.37,0.0
ORD-01749,2025-09-16,CUST-076,623.42,31.0,28.05,0.0,13.02,0.0,0.0
ORD-01750,2026-05-28,CUST-092,1144.74,57.0,51.51,0.0,23.94,0.0,0.0
ORD-01751,2025-12-12,CUST-021,1593.3,91.0,0.0,0.0,0.0,0.0,0.0
ORD-01752,2026-04-15,CUST-050,500.04,42.0,5.0,7.35,17.64,0.0,0.0
ORD-01753,2025-09-12,CUST-086,1781.88,78.0,26.73,0.0,0.0,0.0,0.0
ORD-01754,2026-01-16,CUST-062,1430.13,78.0,42.9,0.0,0.0,0.0,0.0
ORD-01755,2026-06-19,CUST-034,69.6,8.0,0.0,1.61,0.0,0.0,0.0
ORD-01756,2025-09-28,CUST-039,777.95,65.0,35.01,12.99,0.0,0.0,0.0
ORD-01757,2025-10-02,CUST-032,333.59,19.0,6.67,0.0,7.98,0.0,0.0
ORD-01758,2025-10-17,CUST-090,2284.52,67.0,45.69,0.0,0.0,0.0,0.0
ORD-01759,2025-09-08,CUST-063,634.05,46.0,28.53,0.0,19.32,0.0,0.0
ORD-01760,2026-03-23,CUST-077,955.47,65.0,14.33,17.49,27.3,0.0,0.0
ORD-01761,2026-04-18,CUST-044,2420.01,116.0,0.0,0.0,0.0,48.4,0.0
ORD-01762,2026-06-16,CUST-103,618.77,49.0,6.19,0.0,0.0,12.38,0.0
ORD-01763,2025-12-23,CUST-064,1575.47,90.0,0.0,30.09,0.0,0.0,0.0
ORD-01764,2026-05-18,CUST-069,257.05,18.0,3.86,0.0,7.56,2.57,0.0
ORD-01765,2026-04-12,CUST-066,1001.28,38.0,20.03,0.0,0.0,20.03,0.0
ORD-01766,2026-02-26,CUST-009,878.27,54.0,39.52,5.53,0.0,17.57,0.0
ORD-01767,2025-12-06,CUST-119,1163.8,82.0,23.28,9.31,0.0,0.0,0.0
ORD-01768,2026-05-13,CUST-118,120.08,10.0,5.4,1.22,4.2,2.4,0.0
ORD-01769,2025-10-16,CUST-118,1216.0,54.0,54.72,12.4,22.68,24.32,0.0
ORD-01770,2026-01-17,CUST-049,2360.0,146.0,23.6,0.0,61.32,0.0,0.0
ORD-01771,2025-11-20,CUST-061,555.9,23.0,11.12,0.0,0.0,0.0,0.0
ORD-01772,2026-06-18,CUST-044,651.7,43.0,0.0,0.0,0.0,13.03,0.0
ORD-01773,2026-05-03,CUST-104,1533.74,78.0,23.01,0.0,32.76,30.67,0.0
ORD-01774,2025-11-21,CUST-048,1159.54,58.0,23.19,21.92,0.0,23.19,0.0
ORD-01775,2025-10-08,CUST-061,460.35,29.0,9.21,0.0,0.0,9.21,0.0
ORD-01776,2025-12-26,CUST-098,2014.74,99.0,0.0,0.0,0.0,0.0,0.0
ORD-01777,2026-05-12,CUST-001,1865.1,43.0,0.0,0.0,18.06,0.0,0.0
ORD-01778,2026-05-15,CUST-099,329.68,8.0,6.59,0.0,3.36,6.59,0.0
ORD-01779,2026-01-31,CUST-097,1819.75,79.0,18.2,0.0,0.0,36.4,0.0
ORD-01780,2025-09-06,CUST-056,1041.39,54.0,10.41,0.0,0.0,0.0,0.0
ORD-01781,2026-03-08,CUST-090,372.85,12.0,7.46,0.0,0.0,7.46,0.0
ORD-01782,2026-04-23,CUST-065,1212.19,80.0,24.24,0.0,0.0,0.0,0.0
ORD-01783,2026-06-10,CUST-104,1264.39,61.0,18.97,0.0,25.62,25.29,0.0
ORD-01784,2026-05-23,CUST-001,1233.69,29.0,0.0,0.0,12.18,0.0,0.0
ORD-01785,2026-02-26,CUST-024,2119.2,89.0,63.58,0.0,0.0,42.38,0.0
ORD-01786,2025-09-08,CUST-015,3188.17,104.0,63.76,0.0,0.0,63.76,0.0
ORD-01787,2025-10-29,CUST-015,3019.35,155.0,60.39,0.0,0.0,0.0,0.0
ORD-01788,2026-05-21,CUST-089,1894.66,78.0,85.26,0.0,0.0,37.89,0.0
ORD-01789,2025-08-01,CUST-063,975.55,60.0,43.9,0.0,25.2,0.0,0.0
ORD-01790,2025-11-19,CUST-031,1679.77,44.0,75.59,0.0,0.0,16.8,0.0
ORD-01791,2026-04-16,CUST-049,2875.79,172.0,28.76,0.0,72.24,0.0,0.0
ORD-01792,2025-07-07,CUST-047,390.9,33.0,3.91,0.0,13.86,0.0,0.0
ORD-01793,2025-12-09,CUST-086,525.7,24.0,7.89,0.0,0.0,5.26,54.82
ORD-01794,2025-12-16,CUST-024,522.7,35.0,15.68,0.0,0.0,10.45,0.0
ORD-01795,2026-03-08,CUST-015,4088.06,144.0,81.76,0.0,0.0,81.76,0.0
ORD-01796,2026-05-20,CUST-089,184.1,8.0,8.28,0.0,0.0,3.68,0.0
ORD-01797,2025-10-06,CUST-041,1448.59,78.0,0.0,0.0,0.0,28.97,0.0
ORD-01798,2025-11-27,CUST-046,2681.18,87.0,120.65,0.0,0.0,0.0,0.0
ORD-01799,2026-03-03,CUST-010,1117.55,50.0,50.29,0.0,21.0,22.35,0.0
ORD-01800,2025-12-21,CUST-107,1950.58,67.0,19.51,0.0,0.0,39.01,0.0
ORD-01801,2026-03-23,CUST-084,1992.95,74.0,19.93,16.94,0.0,0.0,0.0
ORD-01802,2025-08-01,CUST-061,622.61,16.0,12.45,0.0,0.0,12.45,0.0
ORD-01803,2026-01-05,CUST-117,2135.0,84.0,0.0,0.0,35.28,42.7,0.0
ORD-01804,2026-03-21,CUST-063,716.87,52.0,32.26,0.0,21.84,0.0,0.0
ORD-01805,2026-02-16,CUST-093,760.91,49.0,0.0,0.0,0.0,15.22,0.0
ORD-01806,2026-03-08,CUST-108,202.56,8.0,6.08,0.0,0.0,4.05,0.0
ORD-01807,2025-11-22,CUST-025,2088.15,99.0,31.32,28.19,41.58,0.0,0.0
ORD-01808,2026-01-04,CUST-065,1125.44,77.0,22.51,0.0,0.0,0.0,0.0
ORD-01809,2026-01-31,CUST-060,657.16,51.0,13.14,0.0,21.42,6.57,0.0
ORD-01810,2026-04-08,CUST-115,776.27,49.0,15.53,0.0,20.58,15.53,0.0
ORD-01811,2026-06-05,CUST-047,1159.68,76.0,11.6,0.0,31.92,0.0,0.0
ORD-01812,2025-10-18,CUST-055,915.05,41.0,41.18,0.0,17.22,18.3,0.0
ORD-01813,2026-01-20,CUST-084,1363.38,90.0,13.63,11.59,0.0,0.0,0.0
ORD-01814,2025-11-30,CUST-017,170.58,14.0,1.71,3.0,5.88,0.0,0.0
ORD-01815,2025-07-11,CUST-077,998.5,54.0,14.98,18.27,22.68,0.0,0.0
ORD-01816,2026-06-25,CUST-047,910.76,76.0,9.11,0.0,31.92,0.0,0.0
ORD-01817,2026-04-03,CUST-076,1021.92,19.0,45.99,0.0,7.98,0.0,0.0
ORD-01818,2026-04-04,CUST-085,1759.09,96.0,0.0,0.0,40.32,35.18,0.0
ORD-01819,2025-07-27,CUST-013,1290.33,94.0,58.06,21.29,0.0,12.9,0.0
ORD-01820,2025-11-12,CUST-053,869.91,67.0,0.0,0.0,28.14,0.0,0.0
ORD-01821,2025-07-27,CUST-091,1904.95,112.0,0.0,27.05,47.04,0.0,0.0
ORD-01822,2026-03-03,CUST-065,920.0,53.0,18.4,0.0,0.0,0.0,0.0
ORD-01823,2026-06-20,CUST-049,1405.98,78.0,14.06,0.0,32.76,0.0,0.0
ORD-01824,2025-09-23,CUST-114,1226.61,83.0,55.2,26.62,34.86,24.53,0.0
ORD-01825,2025-08-23,CUST-031,2681.33,115.0,120.66,0.0,0.0,26.81,0.0
ORD-01826,2026-01-07,CUST-105,582.25,50.0,8.73,0.0,0.0,0.0,0.0
ORD-01827,2026-06-24,CUST-117,997.28,97.0,0.0,0.0,40.74,19.95,0.0
ORD-01828,2025-08-27,CUST-062,762.94,50.0,22.89,0.0,0.0,0.0,0.0
ORD-01829,2025-11-15,CUST-001,1831.82,57.0,0.0,0.0,23.94,0.0,0.0
ORD-01830,2026-01-13,CUST-049,2680.15,160.0,26.8,0.0,67.2,0.0,0.0
ORD-01831,2025-09-20,CUST-101,1088.98,69.0,49.0,0.0,28.98,0.0,0.0
ORD-01832,2026-03-14,CUST-104,1692.8,72.0,25.39,0.0,30.24,33.86,0.0
ORD-01833,2025-12-06,CUST-045,1297.47,69.0,58.39,0.0,0.0,25.95,0.0
ORD-01834,2026-02-24,CUST-014,383.74,37.0,0.0,0.0,15.54,0.0,0.0
ORD-01835,2026-06-19,CUST-008,2164.81,106.0,21.65,0.0,44.52,0.0,0.0
ORD-01836,2026-04-05,CUST-106,2444.57,104.0,48.89,0.0,0.0,48.89,0.0
ORD-01837,2026-03-14,CUST-028,891.47,67.0,17.83,0.0,0.0,0.0,0.0
ORD-01838,2025-12-04,CUST-031,1059.31,34.0,47.67,0.0,0.0,10.59,0.0
ORD-01839,2026-05-02,CUST-036,351.89,29.0,10.56,0.0,0.0,7.04,0.0
ORD-01840,2026-03-23,CUST-044,668.82,47.0,0.0,0.0,0.0,13.38,0.0
ORD-01841,2026-05-07,CUST-063,779.67,35.0,35.09,0.0,14.7,0.0,0.0
ORD-01842,2025-10-16,CUST-045,440.19,26.0,19.81,0.0,0.0,0.0,0.0
ORD-01843,2026-03-08,CUST-017,1108.91,83.0,11.09,19.52,34.86,0.0,0.0
ORD-01844,2025-08-18,CUST-049,1602.4,101.0,16.02,0.0,42.42,0.0,0.0
ORD-01845,2025-10-30,CUST-062,2070.27,95.0,62.11,0.0,0.0,0.0,0.0
ORD-01846,2026-01-17,CUST-112,1290.84,85.0,0.0,29.17,0.0,0.0,0.0
ORD-01847,2025-07-30,CUST-049,1705.18,69.0,17.05,0.0,28.98,0.0,0.0
ORD-01848,2026-03-25,CUST-045,917.48,32.0,41.29,0.0,0.0,18.35,288.66
ORD-01849,2026-01-02,CUST-104,2943.95,190.0,44.16,0.0,79.8,58.88,0.0
ORD-01850,2025-09-02,CUST-049,1352.58,81.0,13.53,0.0,34.02,0.0,0.0
ORD-01851,2026-03-04,CUST-043,977.21,61.0,9.77,0.0,25.62,0.0,0.0
ORD-01852,2026-04-14,CUST-015,3450.64,137.0,69.01,0.0,0.0,69.01,0.0
ORD-01853,2025-10-16,CUST-110,735.46,52.0,0.0,0.0,0.0,0.0,0.0
ORD-01854,2025-07-07,CUST-079,1052.32,50.0,21.05,0.0,0.0,0.0,0.0
ORD-01855,2026-03-11,CUST-046,2012.38,58.0,90.56,0.0,0.0,0.0,0.0
ORD-01856,2025-08-02,CUST-104,1315.04,61.0,19.73,0.0,25.62,26.3,0.0
ORD-01857,2026-06-30,CUST-070,1499.78,83.0,0.0,0.0,0.0,0.0,0.0
ORD-01858,2025-10-13,CUST-049,1721.43,109.0,17.21,0.0,45.78,0.0,0.0
ORD-01859,2026-02-09,CUST-034,1151.76,66.0,0.0,26.61,0.0,0.0,0.0
ORD-01860,2026-03-20,CUST-091,649.41,37.0,0.0,9.22,15.54,0.0,0.0
ORD-01861,2025-08-27,CUST-106,234.0,12.0,4.68,0.0,0.0,4.68,0.0
ORD-01862,2026-04-03,CUST-045,1563.42,102.0,70.35,0.0,0.0,31.27,0.0
ORD-01863,2026-05-31,CUST-077,520.47,32.0,7.81,9.52,13.44,0.0,0.0
ORD-01864,2026-03-09,CUST-107,2903.1,76.0,29.03,0.0,0.0,0.0,0.0
ORD-01865,2025-07-14,CUST-116,759.12,28.0,34.16,14.04,0.0,15.18,0.0
ORD-01866,2025-12-14,CUST-048,2885.94,95.0,57.72,54.54,0.0,57.72,0.0
ORD-01867,2026-05-09,CUST-053,816.46,46.0,0.0,0.0,19.32,0.0,0.0
ORD-01868,2026-04-27,CUST-098,1354.05,78.0,0.0,0.0,0.0,0.0,0.0
ORD-01869,2026-06-21,CUST-117,1302.45,66.0,0.0,0.0,27.72,26.05,0.0
ORD-01870,2025-10-20,CUST-044,2528.13,167.0,0.0,0.0,0.0,50.56,0.0
ORD-01871,2026-06-18,CUST-091,370.54,38.0,0.0,5.26,15.96,0.0,0.0
ORD-01872,2025-09-02,CUST-114,1140.15,52.0,51.31,24.74,21.84,0.0,0.0
ORD-01873,2025-11-15,CUST-049,1893.1,81.0,18.93,0.0,34.02,0.0,0.0
ORD-01874,2025-07-25,CUST-015,1220.56,69.0,24.41,0.0,0.0,24.41,0.0
ORD-01875,2026-05-25,CUST-022,1167.26,97.0,0.0,16.93,40.74,11.67,0.0
ORD-01876,2026-02-20,CUST-086,1113.84,41.0,16.71,0.0,0.0,0.0,0.0
ORD-01877,2026-05-20,CUST-071,488.93,22.0,0.0,0.0,9.24,0.0,0.0
ORD-01878,2026-01-29,CUST-018,763.44,26.0,15.27,0.0,0.0,15.27,0.0
ORD-01879,2025-09-07,CUST-084,1955.37,74.0,19.55,16.62,0.0,0.0,0.0
ORD-01880,2026-02-10,CUST-022,48.34,2.0,0.0,0.7,0.84,0.0,0.0
ORD-01881,2026-03-07,CUST-093,486.78,34.0,0.0,0.0,0.0,9.74,37.9
ORD-01882,2025-10-16,CUST-104,1367.89,96.0,20.52,0.0,40.32,27.36,275.12
ORD-01883,2025-09-21,CUST-097,1204.41,79.0,12.04,0.0,0.0,24.09,0.0
ORD-01884,2026-06-27,CUST-082,586.22,47.0,5.86,0.0,0.0,5.86,0.0
ORD-01885,2025-09-11,CUST-047,997.45,46.0,9.97,0.0,19.32,0.0,0.0
ORD-01886,2025-08-03,CUST-117,1231.45,79.0,0.0,0.0,33.18,24.63,0.0
ORD-01887,2025-09-06,CUST-064,1138.15,73.0,0.0,21.74,0.0,0.0,0.0
ORD-01888,2025-08-06,CUST-108,526.25,29.0,15.79,0.0,0.0,10.53,0.0
ORD-01889,2026-06-22,CUST-063,1093.04,80.0,49.19,0.0,33.6,0.0,0.0
ORD-01890,2026-03-07,CUST-058,547.93,45.0,24.66,11.84,0.0,0.0,129.89
ORD-01891,2026-04-05,CUST-027,1941.35,97.0,29.12,20.38,40.74,19.41,0.0
ORD-01892,2026-01-28,CUST-078,360.65,17.0,0.0,0.0,0.0,0.0,0.0
ORD-01893,2026-01-20,CUST-079,1534.71,53.0,30.69,0.0,0.0,30.69,0.0
ORD-01894,2025-10-15,CUST-117,4025.26,155.0,0.0,0.0,65.1,0.0,0.0
ORD-01895,2025-11-15,CUST-111,1228.89,78.0,24.58,15.98,0.0,0.0,0.0
ORD-01896,2026-06-03,CUST-036,1266.35,61.0,37.99,0.0,0.0,25.33,0.0
ORD-01897,2026-01-24,CUST-087,536.85,15.0,0.0,0.0,0.0,10.74,0.0
ORD-01898,2026-03-23,CUST-107,2950.94,87.0,29.51,0.0,0.0,59.02,0.0
ORD-01899,2025-09-03,CUST-097,1347.82,68.0,13.48,0.0,0.0,26.96,187.03
ORD-01900,2025-07-28,CUST-106,1084.21,69.0,21.68,0.0,0.0,21.68,0.0
ORD-01901,2026-02-08,CUST-077,2791.71,133.0,41.88,51.09,55.86,0.0,0.0
ORD-01902,2025-11-30,CUST-039,1385.26,77.0,62.34,23.13,0.0,0.0,0.0
ORD-01903,2025-08-15,CUST-049,1209.38,103.0,12.09,0.0,43.26,0.0,0.0
ORD-01904,2025-08-06,CUST-044,2155.2,92.0,0.0,0.0,0.0,43.1,0.0
ORD-01905,2026-04-08,CUST-008,1092.33,48.0,10.92,0.0,20.16,10.92,117.17
ORD-01906,2025-12-01,CUST-046,1479.5,62.0,66.58,0.0,0.0,0.0,0.0
ORD-01907,2025-09-01,CUST-010,1382.11,90.0,62.19,0.0,37.8,27.64,0.0
ORD-01908,2025-10-24,CUST-098,763.8,73.0,0.0,0.0,0.0,0.0,0.0
ORD-01909,2026-03-11,CUST-103,1244.82,70.0,12.45,0.0,0.0,0.0,0.0
ORD-01910,2026-06-22,CUST-064,1714.8,110.0,0.0,32.75,0.0,0.0,0.0
ORD-01911,2026-05-23,CUST-057,116.32,16.0,1.74,0.0,6.72,0.0,0.0
ORD-01912,2025-12-08,CUST-098,1553.49,94.0,0.0,0.0,0.0,15.53,0.0
ORD-01913,2025-08-07,CUST-098,1186.69,57.0,0.0,0.0,0.0,11.87,0.0
ORD-01914,2025-07-05,CUST-063,2004.91,112.0,90.22,0.0,47.04,0.0,0.0
ORD-01915,2025-11-13,CUST-009,1298.3,83.0,58.42,8.18,0.0,0.0,0.0
ORD-01916,2025-10-25,CUST-110,977.68,57.0,0.0,0.0,0.0,19.55,0.0
ORD-01917,2026-02-09,CUST-082,652.34,47.0,6.52,0.0,0.0,0.0,0.0
ORD-01918,2026-05-18,CUST-097,423.85,47.0,4.24,0.0,0.0,0.0,0.0
ORD-01919,2026-01-08,CUST-082,899.64,57.0,9.0,0.0,0.0,0.0,0.0
ORD-01920,2026-03-17,CUST-021,666.94,36.0,0.0,0.0,0.0,0.0,0.0
ORD-01921,2025-10-17,CUST-008,952.78,105.0,9.53,0.0,44.1,9.53,0.0
ORD-01922,2025-10-11,CUST-034,1933.71,82.0,0.0,44.67,0.0,0.0,0.0
ORD-01923,2026-05-13,CUST-036,2012.42,64.0,60.37,0.0,0.0,40.25,0.0
ORD-01924,2025-07-30,CUST-117,1978.95,90.0,0.0,0.0,37.8,0.0,0.0
ORD-01925,2025-10-14,CUST-021,1991.25,112.0,0.0,0.0,0.0,0.0,0.0
ORD-01926,2025-12-05,CUST-031,333.34,15.0,15.0,0.0,0.0,0.0,0.0
ORD-01927,2025-12-31,CUST-099,1185.75,38.0,23.71,0.0,15.96,23.71,0.0
ORD-01928,2026-04-16,CUST-095,442.74,23.0,8.85,0.0,0.0,0.0,0.0
ORD-01929,2025-11-23,CUST-021,1023.8,57.0,0.0,0.0,0.0,0.0,0.0
ORD-01930,2026-06-17,CUST-075,3131.5,105.0,0.0,0.0,0.0,0.0,0.0
ORD-01931,2026-01-02,CUST-044,1640.47,53.0,0.0,0.0,0.0,32.81,0.0
ORD-01932,2025-11-14,CUST-099,872.31,35.0,17.45,0.0,14.7,0.0,155.16
ORD-01933,2026-04-19,CUST-015,3673.31,99.0,73.47,0.0,0.0,0.0,0.0
ORD-01934,2026-02-28,CUST-106,1374.92,78.0,27.5,0.0,0.0,0.0,0.0
ORD-01935,2026-03-18,CUST-017,971.51,52.0,9.72,17.1,21.84,0.0,0.0
ORD-01936,2025-08-23,CUST-077,1834.51,114.0,27.52,33.57,47.88,0.0,0.0
ORD-01937,2026-04-08,CUST-104,1085.28,60.0,16.28,0.0,25.2,21.71,0.0
ORD-01938,2026-05-25,CUST-062,729.12,61.0,21.87,0.0,0.0,0.0,0.0
ORD-01939,2026-05-04,CUST-030,731.42,39.0,0.0,15.73,0.0,0.0,0.0
ORD-01940,2025-08-19,CUST-086,1866.96,92.0,28.0,0.0,0.0,18.67,0.0
ORD-01941,2025-08-31,CUST-068,175.23,9.0,1.75,0.0,0.0,0.0,0.0
ORD-01942,2026-03-25,CUST-045,1175.05,88.0,52.88,0.0,0.0,23.5,0.0
ORD-01943,2025-11-21,CUST-020,2266.07,96.0,45.32,0.0,0.0,22.66,0.0
ORD-01944,2025-07-08,CUST-083,102.87,9.0,0.0,1.43,0.0,0.0,0.0
ORD-01945,2025-08-22,CUST-010,194.95,16.0,8.77,0.0,6.72,3.9,0.0
ORD-01946,2026-01-04,CUST-075,1457.53,50.0,0.0,0.0,0.0,0.0,0.0
ORD-01947,2025-12-04,CUST-009,1366.34,80.0,61.49,8.61,0.0,27.33,0.0
ORD-01948,2026-01-16,CUST-009,1075.61,82.0,48.4,6.78,0.0,21.51,0.0
ORD-01949,2025-11-30,CUST-104,2448.82,134.0,36.73,0.0,56.28,48.98,0.0
ORD-01950,2025-12-23,CUST-070,660.09,48.0,0.0,0.0,0.0,0.0,0.0
ORD-01951,2025-10-31,CUST-015,2174.72,78.0,43.49,0.0,0.0,43.49,0.0
ORD-01952,2025-07-21,CUST-010,2551.13,116.0,114.8,0.0,48.72,51.02,0.0
ORD-01953,2025-10-18,CUST-106,980.87,73.0,19.62,0.0,0.0,0.0,0.0
ORD-01954,2026-02-08,CUST-117,1637.07,100.0,0.0,0.0,42.0,32.74,0.0
ORD-01955,2025-11-04,CUST-098,483.28,34.0,0.0,0.0,0.0,0.0,0.0
ORD-01956,2025-07-10,CUST-031,680.4,22.0,30.62,0.0,0.0,6.8,0.0
ORD-01957,2025-12-22,CUST-107,982.44,49.0,9.82,0.0,0.0,0.0,0.0
ORD-01958,2026-06-11,CUST-032,1359.78,36.0,27.2,0.0,15.12,0.0,0.0
ORD-01959,2026-05-27,CUST-015,3728.98,109.0,74.58,0.0,0.0,74.58,0.0
ORD-01960,2026-04-13,CUST-007,556.48,34.0,8.35,0.0,0.0,0.0,0.0
ORD-01961,2026-05-13,CUST-031,1526.19,52.0,68.68,0.0,0.0,15.26,0.0
ORD-01962,2025-08-17,CUST-102,308.72,11.0,6.17,0.0,0.0,0.0,0.0
ORD-01963,2025-12-10,CUST-022,678.36,55.0,0.0,9.84,23.1,6.78,0.0
ORD-01964,2025-07-30,CUST-009,1018.65,95.0,45.84,6.42,0.0,20.37,0.0
ORD-01965,2026-06-30,CUST-119,675.45,63.0,13.51,5.4,0.0,13.51,0.0
ORD-01966,2026-03-22,CUST-038,1745.74,72.0,17.46,0.0,0.0,0.0,0.0
ORD-01967,2026-05-04,CUST-099,391.93,15.0,7.84,0.0,6.3,7.84,0.0
ORD-01968,2026-06-16,CUST-098,1649.28,107.0,0.0,0.0,0.0,16.49,0.0
ORD-01969,2025-09-25,CUST-118,469.05,28.0,21.11,4.78,11.76,9.38,0.0
ORD-01970,2026-05-20,CUST-062,1351.02,60.0,40.53,0.0,0.0,0.0,0.0
ORD-01971,2026-02-24,CUST-113,110.88,11.0,2.22,1.6,0.0,2.22,0.0
ORD-01972,2025-09-11,CUST-087,897.44,82.0,0.0,0.0,0.0,17.95,128.35
ORD-01973,2025-11-27,CUST-118,1250.35,51.0,56.27,12.75,21.42,0.0,0.0
ORD-01974,2025-07-11,CUST-049,1002.28,81.0,10.02,0.0,34.02,0.0,0.0
ORD-01975,2026-04-19,CUST-051,739.39,55.0,11.09,16.04,0.0,14.79,0.0
ORD-01976,2026-05-21,CUST-064,1721.43,114.0,0.0,32.88,0.0,0.0,440.91
ORD-01977,2025-08-16,CUST-086,683.93,17.0,10.26,0.0,0.0,6.84,0.0
ORD-01978,2026-04-13,CUST-075,1775.23,78.0,0.0,0.0,0.0,0.0,0.0
ORD-01979,2025-10-02,CUST-064,1721.47,103.0,0.0,32.88,0.0,0.0,0.0
ORD-01980,2025-08-25,CUST-098,401.56,28.0,0.0,0.0,0.0,0.0,0.0
ORD-01981,2025-10-22,CUST-110,1056.52,61.0,0.0,0.0,0.0,0.0,0.0
ORD-01982,2025-08-02,CUST-063,531.14,35.0,23.9,0.0,14.7,0.0,0.0
ORD-01983,2026-01-09,CUST-039,414.72,24.0,18.66,6.93,0.0,0.0,0.0
ORD-01984,2025-10-11,CUST-063,503.38,39.0,22.65,0.0,16.38,0.0,0.0
ORD-01985,2025-12-17,CUST-034,1094.28,45.0,0.0,25.28,0.0,0.0,0.0
ORD-01986,2026-04-25,CUST-104,465.53,32.0,6.98,0.0,13.44,9.31,0.0
ORD-01987,2026-04-18,CUST-075,1228.46,68.0,0.0,0.0,0.0,0.0,0.0
ORD-01988,2025-11-14,CUST-099,3353.94,111.0,67.08,0.0,46.62,67.08,0.0
ORD-01989,2026-05-16,CUST-106,693.94,32.0,13.88,0.0,0.0,13.88,0.0
ORD-01990,2026-04-18,CUST-117,1365.09,102.0,0.0,0.0,42.84,27.3,0.0
ORD-01991,2025-12-27,CUST-071,542.29,37.0,0.0,0.0,15.54,0.0,0.0
ORD-01992,2025-10-30,CUST-093,502.88,39.0,0.0,0.0,0.0,0.0,0.0
ORD-01993,2026-06-28,CUST-074,1023.26,59.0,15.35,0.0,24.78,20.47,0.0
ORD-01994,2025-11-08,CUST-042,1892.35,52.0,0.0,0.0,0.0,0.0,0.0
ORD-01995,2026-04-06,CUST-102,76.68,12.0,1.53,0.0,0.0,0.0,0.0
ORD-01996,2026-03-28,CUST-044,1105.3,53.0,0.0,0.0,0.0,22.11,0.0
ORD-01997,2025-10-15,CUST-075,1720.93,72.0,0.0,0.0,0.0,0.0,0.0
ORD-01998,2025-09-23,CUST-003,352.49,29.0,10.57,5.39,0.0,7.05,0.0
ORD-01999,2026-02-14,CUST-102,1342.29,76.0,26.85,0.0,0.0,0.0,0.0
ORD-02000,2025-08-11,CUST-021,1511.62,119.0,0.0,0.0,0.0,0.0,0.0
ORD-02001,2026-05-18,CUST-079,1136.5,64.0,22.73,0.0,0.0,22.73,0.0
ORD-02002,2026-04-02,CUST-048,1262.88,61.0,25.26,23.87,0.0,25.26,0.0
ORD-02003,2025-11-27,CUST-081,1791.07,97.0,35.82,43.7,40.74,0.0,0.0
ORD-02004,2025-07-26,CUST-015,2926.08,87.0,58.52,0.0,0.0,58.52,0.0
ORD-02005,2026-04-11,CUST-010,1166.05,38.0,52.47,0.0,15.96,0.0,0.0
ORD-02006,2025-07-25,CUST-043,246.93,21.0,2.47,0.0,8.82,0.0,0.0
ORD-02007,2026-06-08,CUST-104,555.56,40.0,8.33,0.0,16.8,0.0,0.0
ORD-02008,2025-08-15,CUST-089,781.18,25.0,35.15,0.0,0.0,0.0,0.0
ORD-02009,2026-05-27,CUST-045,236.96,20.0,10.66,0.0,0.0,4.74,0.0
ORD-02010,2026-05-09,CUST-086,995.22,31.0,14.93,0.0,0.0,9.95,0.0
ORD-02011,2025-08-12,CUST-003,1201.63,64.0,36.05,18.38,0.0,0.0,0.0
ORD-02012,2026-01-31,CUST-063,1023.87,65.0,46.07,0.0,27.3,0.0,0.0
ORD-02013,2025-11-16,CUST-076,787.89,31.0,35.46,0.0,13.02,0.0,224.52
ORD-02014,2026-03-17,CUST-065,2055.26,81.0,41.11,0.0,0.0,0.0,0.0
ORD-02015,2025-08-21,CUST-027,328.93,18.0,4.93,3.45,7.56,0.0,0.0
ORD-02016,2025-09-11,CUST-115,1149.27,91.0,22.99,0.0,38.22,22.99,0.0
ORD-02017,2025-09-11,CUST-038,1531.82,66.0,15.32,0.0,0.0,0.0,0.0
ORD-02018,2026-06-23,CUST-086,1123.63,62.0,16.85,0.0,0.0,11.24,0.0
ORD-02019,2026-06-06,CUST-104,2561.59,114.0,38.42,0.0,47.88,51.23,0.0
ORD-02020,2025-11-26,CUST-021,1221.36,65.0,0.0,0.0,0.0,0.0,0.0
ORD-02021,2025-09-10,CUST-064,1783.5,95.0,0.0,34.06,0.0,0.0,0.0
ORD-02022,2026-05-01,CUST-055,480.5,23.0,21.62,0.0,9.66,9.61,99.68
ORD-02023,2025-11-08,CUST-006,793.52,55.0,11.9,0.0,0.0,15.87,0.0
ORD-02024,2025-12-29,CUST-017,1738.77,83.0,17.39,30.6,34.86,0.0,0.0
ORD-02025,2025-12-26,CUST-119,1237.01,72.0,24.74,9.9,0.0,24.74,0.0
ORD-02026,2025-07-16,CUST-045,107.6,15.0,4.84,0.0,0.0,2.15,0.0
ORD-02027,2025-09-07,CUST-073,941.13,49.0,18.82,5.08,0.0,0.0,0.0
ORD-02028,2026-02-03,CUST-098,1612.56,74.0,0.0,0.0,0.0,16.13,0.0
ORD-02029,2025-12-09,CUST-012,933.06,42.0,41.99,0.0,0.0,0.0,0.0
ORD-02030,2026-02-03,CUST-038,837.34,41.0,8.37,0.0,0.0,0.0,0.0
ORD-02031,2025-12-19,CUST-107,2523.91,79.0,25.24,0.0,0.0,50.48,0.0
ORD-02032,2025-09-09,CUST-015,2552.34,126.0,51.05,0.0,0.0,0.0,0.0
ORD-02033,2025-07-05,CUST-077,1532.68,114.0,22.99,28.05,47.88,0.0,0.0
ORD-02034,2026-06-04,CUST-115,1126.28,52.0,22.53,0.0,21.84,22.53,245.64
ORD-02035,2026-01-14,CUST-042,1829.76,55.0,0.0,0.0,0.0,18.3,0.0
ORD-02036,2025-08-04,CUST-086,1196.18,43.0,17.94,0.0,0.0,11.96,0.0
ORD-02037,2025-10-14,CUST-115,699.4,39.0,13.99,0.0,16.38,13.99,0.0
ORD-02038,2025-11-22,CUST-014,280.55,21.0,0.0,0.0,8.82,0.0,0.0
ORD-02039,2026-04-11,CUST-082,910.24,64.0,9.1,0.0,0.0,0.0,0.0
ORD-02040,2025-12-29,CUST-041,1444.03,60.0,0.0,0.0,0.0,28.88,0.0
ORD-02041,2026-01-22,CUST-062,1197.15,70.0,35.91,0.0,0.0,0.0,0.0
ORD-02042,2025-11-25,CUST-021,1879.62,99.0,0.0,0.0,0.0,0.0,0.0
ORD-02043,2025-12-14,CUST-045,1085.64,36.0,48.85,0.0,0.0,21.71,0.0
ORD-02044,2025-12-13,CUST-045,1148.9,42.0,51.7,0.0,0.0,22.98,0.0
ORD-02045,2025-07-09,CUST-009,2445.75,178.0,110.06,15.41,0.0,48.91,0.0
ORD-02046,2026-06-24,CUST-114,296.19,21.0,13.33,6.43,8.82,5.92,0.0
ORD-02047,2025-08-07,CUST-049,1255.86,95.0,12.56,0.0,39.9,0.0,0.0
ORD-02048,2026-05-08,CUST-103,1362.16,53.0,13.62,0.0,0.0,27.24,0.0
ORD-02049,2025-10-13,CUST-028,568.81,29.0,11.38,0.0,0.0,0.0,0.0
ORD-02050,2025-09-24,CUST-056,149.52,10.0,1.5,0.0,0.0,1.5,0.0
ORD-02051,2026-01-31,CUST-044,913.19,75.0,0.0,0.0,0.0,0.0,0.0
ORD-02052,2026-01-11,CUST-085,1740.5,97.0,0.0,0.0,40.74,0.0,0.0
ORD-02053,2025-08-27,CUST-030,1208.54,105.0,0.0,25.98,0.0,0.0,0.0
ORD-02054,2026-01-21,CUST-068,261.08,28.0,2.61,0.0,0.0,0.0,0.0
ORD-02055,2025-08-01,CUST-034,654.87,34.0,0.0,15.13,0.0,0.0,192.9
ORD-02056,2026-06-19,CUST-049,1706.42,147.0,17.06,0.0,61.74,0.0,0.0
ORD-02057,2025-08-30,CUST-119,2026.43,68.0,40.53,16.21,0.0,40.53,0.0
ORD-02058,2026-05-21,CUST-035,1789.51,80.0,80.53,0.0,33.6,17.9,0.0
ORD-02059,2026-04-19,CUST-082,763.82,25.0,7.64,0.0,0.0,0.0,0.0
ORD-02060,2025-12-05,CUST-091,1095.16,65.0,0.0,15.55,27.3,0.0,0.0
ORD-02061,2025-11-10,CUST-104,1376.13,85.0,20.64,0.0,35.7,0.0,0.0
ORD-02062,2026-06-24,CUST-048,764.61,65.0,15.29,14.45,0.0,15.29,0.0
ORD-02063,2026-02-13,CUST-115,355.46,14.0,7.11,0.0,5.88,0.0,0.0
ORD-02064,2026-06-16,CUST-055,142.42,7.0,6.41,0.0,2.94,0.0,0.0
ORD-02065,2025-08-03,CUST-021,780.68,50.0,0.0,0.0,0.0,0.0,0.0
ORD-02066,2026-01-01,CUST-004,191.28,8.0,5.74,1.8,3.36,0.0,0.0
ORD-02067,2025-09-05,CUST-030,1258.37,75.0,0.0,27.05,0.0,0.0,0.0
ORD-02068,2025-11-06,CUST-049,1131.2,57.0,11.31,0.0,23.94,0.0,0.0
ORD-02069,2026-01-26,CUST-047,663.84,54.0,6.64,0.0,22.68,0.0,0.0
ORD-02070,2026-02-08,CUST-113,1079.13,43.0,21.58,15.54,0.0,21.58,0.0
ORD-02071,2025-12-11,CUST-042,2283.1,80.0,0.0,0.0,0.0,22.83,0.0
ORD-02072,2025-08-10,CUST-009,419.8,35.0,18.89,2.64,0.0,8.4,0.0
ORD-02073,2025-09-24,CUST-079,1402.15,48.0,28.04,0.0,0.0,28.04,0.0
ORD-02074,2025-09-17,CUST-093,827.4,50.0,0.0,0.0,0.0,16.55,0.0
ORD-02075,2025-07-26,CUST-039,387.37,25.0,17.43,6.47,0.0,0.0,0.0
ORD-02076,2025-12-13,CUST-062,604.85,54.0,18.15,0.0,0.0,0.0,0.0
ORD-02077,2025-07-14,CUST-044,991.05,63.0,0.0,0.0,0.0,19.82,0.0
ORD-02078,2025-08-30,CUST-053,392.46,18.0,0.0,0.0,7.56,0.0,0.0
ORD-02079,2026-06-27,CUST-059,713.36,70.0,14.27,0.0,29.4,14.27,0.0
ORD-02080,2026-04-22,CUST-042,899.58,29.0,0.0,0.0,0.0,9.0,0.0
ORD-02081,2026-03-21,CUST-088,1448.38,63.0,0.0,0.0,0.0,0.0,0.0
ORD-02082,2025-08-03,CUST-115,1266.1,115.0,25.32,0.0,48.3,25.32,0.0
ORD-02083,2025-08-19,CUST-031,1284.04,36.0,57.78,0.0,0.0,0.0,0.0
ORD-02084,2025-11-16,CUST-009,866.24,57.0,38.98,5.46,0.0,17.32,0.0
ORD-02085,2025-10-02,CUST-043,562.1,49.0,5.62,0.0,20.58,0.0,0.0
ORD-02086,2026-05-18,CUST-035,747.84,62.0,33.65,0.0,26.04,7.48,0.0
ORD-02087,2026-01-29,CUST-077,1258.7,80.0,18.88,23.03,33.6,0.0,0.0
ORD-02088,2026-05-10,CUST-024,1916.67,104.0,57.5,0.0,0.0,38.33,0.0
ORD-02089,2026-03-06,CUST-017,796.2,65.0,7.96,14.01,27.3,0.0,0.0
ORD-02090,2026-03-21,CUST-024,926.59,73.0,27.8,0.0,0.0,0.0,0.0
ORD-02091,2026-02-05,CUST-061,1794.02,89.0,35.88,0.0,0.0,0.0,0.0
ORD-02092,2026-03-06,CUST-015,1870.92,78.0,37.42,0.0,0.0,37.42,0.0
ORD-02093,2026-03-02,CUST-018,1239.6,71.0,24.79,0.0,0.0,24.79,0.0
ORD-02094,2026-05-27,CUST-025,481.7,30.0,7.23,6.5,12.6,0.0,0.0
ORD-02095,2025-09-30,CUST-106,922.94,54.0,18.46,0.0,0.0,18.46,0.0
ORD-02096,2025-12-30,CUST-019,878.89,55.0,8.79,0.0,23.1,0.0,0.0
ORD-02097,2025-09-26,CUST-047,602.69,36.0,6.03,0.0,15.12,0.0,0.0
ORD-02098,2026-03-27,CUST-038,927.38,56.0,9.27,0.0,0.0,0.0,0.0
ORD-02099,2025-11-15,CUST-015,857.8,37.0,17.16,0.0,0.0,0.0,0.0
ORD-02100,2026-02-07,CUST-012,1977.81,75.0,89.0,0.0,0.0,0.0,0.0
ORD-02101,2025-07-09,CUST-065,911.15,34.0,18.22,0.0,0.0,0.0,0.0
ORD-02102,2026-06-08,CUST-057,498.83,37.0,7.48,0.0,15.54,9.98,0.0
ORD-02103,2026-03-13,CUST-054,646.8,31.0,6.47,12.03,13.02,12.94,0.0
ORD-02104,2025-11-10,CUST-060,109.56,3.0,2.19,0.0,1.26,0.0,0.0
ORD-02105,2026-01-21,CUST-055,1979.56,75.0,89.08,0.0,31.5,0.0,232.5
ORD-02106,2026-05-26,CUST-064,1709.64,89.0,0.0,32.65,0.0,0.0,0.0
ORD-02107,2025-07-15,CUST-046,423.65,22.0,19.06,0.0,0.0,0.0,0.0
ORD-02108,2026-05-06,CUST-103,1331.94,75.0,13.32,0.0,0.0,26.64,0.0
ORD-02109,2026-01-23,CUST-101,771.78,38.0,34.73,0.0,15.96,0.0,0.0
ORD-02110,2025-09-29,CUST-117,1759.06,110.0,0.0,0.0,46.2,35.18,0.0
ORD-02111,2026-06-09,CUST-061,3401.12,131.0,68.02,0.0,0.0,68.02,0.0
ORD-02112,2026-01-15,CUST-077,1227.2,77.0,18.41,22.46,32.34,0.0,0.0
ORD-02113,2025-11-16,CUST-041,403.68,16.0,0.0,0.0,0.0,0.0,0.0
ORD-02114,2025-09-13,CUST-019,790.31,30.0,7.9,0.0,12.6,0.0,0.0
ORD-02115,2026-03-26,CUST-117,1424.28,72.0,0.0,0.0,30.24,28.49,0.0
ORD-02116,2026-01-12,CUST-090,1673.92,75.0,33.48,0.0,0.0,33.48,0.0
ORD-02117,2025-10-21,CUST-009,1769.4,103.0,79.62,11.15,0.0,35.39,0.0
ORD-02118,2026-02-17,CUST-037,429.93,21.0,12.9,8.0,0.0,8.6,0.0
ORD-02119,2026-04-21,CUST-057,234.44,19.0,3.52,0.0,7.98,4.69,0.0
ORD-02120,2025-10-20,CUST-076,3669.05,88.0,165.11,0.0,36.96,0.0,0.0
ORD-02121,2025-12-01,CUST-051,395.39,13.0,5.93,8.58,0.0,0.0,0.0
ORD-02122,2025-11-23,CUST-024,660.99,55.0,19.83,0.0,0.0,13.22,0.0
ORD-02123,2025-09-25,CUST-079,1530.98,57.0,30.62,0.0,0.0,30.62,0.0
ORD-02124,2025-09-11,CUST-113,214.11,19.0,4.28,3.08,0.0,0.0,0.0
ORD-02125,2025-11-30,CUST-050,1103.64,82.0,11.04,16.22,34.44,0.0,0.0
ORD-02126,2026-06-09,CUST-089,1984.43,56.0,89.3,0.0,0.0,39.69,0.0
ORD-02127,2025-09-18,CUST-057,34.47,3.0,0.52,0.0,1.26,0.69,0.0
ORD-02128,2025-10-28,CUST-033,562.82,34.0,8.44,8.5,14.28,0.0,0.0
ORD-02129,2026-03-21,CUST-001,2446.71,76.0,0.0,0.0,31.92,0.0,0.0
ORD-02130,2025-09-12,CUST-004,637.44,42.0,19.12,5.99,17.64,0.0,0.0
ORD-02131,2025-12-28,CUST-066,795.33,52.0,15.91,0.0,0.0,15.91,0.0
ORD-02132,2026-03-23,CUST-028,536.25,33.0,10.72,0.0,0.0,0.0,0.0
ORD-02133,2025-12-15,CUST-043,605.75,45.0,6.06,0.0,18.9,0.0,0.0
ORD-02134,2025-11-20,CUST-107,3150.94,81.0,31.51,0.0,0.0,63.02,0.0
ORD-02135,2026-02-24,CUST-038,901.2,34.0,9.01,0.0,0.0,0.0,0.0
ORD-02136,2026-03-03,CUST-043,552.69,59.0,5.53,0.0,24.78,0.0,0.0
ORD-02137,2026-03-23,CUST-104,1997.14,91.0,29.96,0.0,38.22,39.94,0.0
ORD-02138,2026-06-23,CUST-062,839.08,68.0,25.17,0.0,0.0,0.0,0.0
ORD-02139,2026-03-31,CUST-065,656.14,41.0,13.12,0.0,0.0,0.0,0.0
ORD-02140,2025-08-07,CUST-059,261.81,16.0,5.24,0.0,6.72,5.24,0.0
ORD-02141,2026-06-28,CUST-056,525.48,51.0,5.25,0.0,0.0,0.0,0.0
ORD-02142,2026-06-11,CUST-044,2147.62,136.0,0.0,0.0,0.0,42.95,0.0
ORD-02143,2025-09-03,CUST-064,2880.58,129.0,0.0,55.02,0.0,0.0,0.0
ORD-02144,2026-06-19,CUST-116,663.16,58.0,29.84,12.27,0.0,13.26,0.0
ORD-02145,2026-05-14,CUST-093,1050.08,60.0,0.0,0.0,0.0,21.0,0.0
ORD-02146,2026-06-10,CUST-031,1455.56,69.0,65.5,0.0,0.0,0.0,0.0
ORD-02147,2025-11-27,CUST-020,752.61,48.0,15.05,0.0,0.0,0.0,0.0
ORD-02148,2026-02-12,CUST-098,2011.44,78.0,0.0,0.0,0.0,0.0,0.0
ORD-02149,2026-03-29,CUST-104,1394.11,67.0,20.91,0.0,28.14,27.88,0.0
ORD-02150,2026-05-12,CUST-079,2761.88,81.0,55.24,0.0,0.0,55.24,0.0
ORD-02151,2026-01-22,CUST-025,948.34,50.0,14.23,12.8,21.0,0.0,0.0
ORD-02152,2026-01-07,CUST-077,770.6,45.0,11.56,14.1,18.9,0.0,0.0
ORD-02153,2026-02-24,CUST-060,1620.32,38.0,32.41,0.0,15.96,0.0,0.0
ORD-02154,2025-09-01,CUST-102,1151.92,66.0,23.04,0.0,0.0,0.0,0.0
ORD-02155,2026-06-21,CUST-088,1105.25,41.0,0.0,0.0,0.0,0.0,0.0
ORD-02156,2025-12-17,CUST-021,1191.66,51.0,0.0,0.0,0.0,0.0,0.0
ORD-02157,2026-06-12,CUST-085,1936.2,130.0,0.0,0.0,54.6,38.72,323.69
ORD-02158,2025-10-06,CUST-061,470.53,24.0,9.41,0.0,0.0,0.0,0.0
ORD-02159,2025-07-13,CUST-077,1827.26,66.0,27.41,33.44,27.72,0.0,0.0
ORD-02160,2026-01-07,CUST-091,735.91,53.0,0.0,10.45,22.26,0.0,0.0
ORD-02161,2026-01-25,CUST-044,148.27,18.0,0.0,0.0,0.0,0.0,0.0
ORD-02162,2025-08-14,CUST-016,418.09,16.0,0.0,0.0,6.72,0.0,0.0
ORD-02163,2026-05-19,CUST-088,1578.11,53.0,0.0,0.0,0.0,0.0,0.0
ORD-02164,2026-03-29,CUST-016,492.43,33.0,0.0,0.0,13.86,4.92,0.0
ORD-02165,2025-07-11,CUST-018,1578.22,48.0,31.56,0.0,0.0,31.56,0.0
ORD-02166,2026-03-20,CUST-098,1044.17,58.0,0.0,0.0,0.0,0.0,0.0
ORD-02167,2025-11-15,CUST-019,388.8,17.0,3.89,0.0,7.14,0.0,0.0
ORD-02168,2026-06-26,CUST-117,1230.25,83.0,0.0,0.0,34.86,24.61,0.0
ORD-02169,2026-03-17,CUST-087,496.71,33.0,0.0,0.0,0.0,9.93,0.0
ORD-02170,2026-04-02,CUST-048,1275.35,77.0,25.51,24.1,0.0,0.0,0.0
ORD-02171,2025-07-20,CUST-009,1134.5,51.0,51.05,7.15,0.0,22.69,0.0
ORD-02172,2025-08-21,CUST-078,702.89,32.0,0.0,0.0,0.0,0.0,0.0
ORD-02173,2026-03-02,CUST-038,558.98,57.0,5.59,0.0,0.0,0.0,0.0
ORD-02174,2025-12-30,CUST-030,763.64,54.0,0.0,16.42,0.0,0.0,0.0
ORD-02175,2025-07-22,CUST-038,688.82,48.0,6.89,0.0,0.0,0.0,0.0
ORD-02176,2025-11-04,CUST-030,1537.33,91.0,0.0,33.05,0.0,0.0,0.0
ORD-02177,2025-11-13,CUST-101,1273.8,70.0,57.32,0.0,29.4,0.0,0.0
ORD-02178,2026-04-21,CUST-059,1314.71,56.0,26.29,0.0,23.52,26.29,0.0
ORD-02179,2026-06-28,CUST-064,1773.1,125.0,0.0,33.87,0.0,0.0,0.0
ORD-02180,2025-07-31,CUST-040,852.91,65.0,38.38,7.16,0.0,0.0,0.0
ORD-02181,2025-09-15,CUST-017,1541.62,68.0,15.42,27.13,28.56,0.0,0.0
ORD-02182,2025-07-30,CUST-086,1914.24,67.0,28.71,0.0,0.0,19.14,0.0
ORD-02183,2026-03-18,CUST-015,1600.29,64.0,32.01,0.0,0.0,32.01,0.0
ORD-02184,2026-06-07,CUST-100,864.46,44.0,17.29,0.0,0.0,0.0,0.0
ORD-02185,2026-04-04,CUST-091,1425.53,75.0,0.0,20.24,31.5,0.0,0.0
ORD-02186,2025-07-25,CUST-015,2368.51,92.0,47.37,0.0,0.0,47.37,0.0
ORD-02187,2026-03-22,CUST-099,744.73,32.0,14.89,0.0,13.44,14.89,0.0
ORD-02188,2026-03-31,CUST-002,938.6,67.0,9.39,7.98,0.0,0.0,0.0
ORD-02189,2025-10-09,CUST-058,1449.41,53.0,65.22,31.31,0.0,0.0,227.07
ORD-02190,2025-08-10,CUST-048,281.78,16.0,5.64,5.33,0.0,0.0,0.0
ORD-02191,2026-03-06,CUST-086,1227.18,34.0,18.41,0.0,0.0,0.0,0.0
ORD-02192,2026-04-02,CUST-013,510.26,32.0,22.96,8.42,0.0,5.1,0.0
ORD-02193,2025-12-13,CUST-120,1357.43,51.0,0.0,0.0,0.0,0.0,0.0
ORD-02194,2026-03-31,CUST-064,971.81,64.0,0.0,18.56,0.0,0.0,0.0
ORD-02195,2026-03-10,CUST-085,1162.46,53.0,0.0,0.0,22.26,0.0,0.0
ORD-02196,2026-04-27,CUST-064,904.66,56.0,0.0,17.28,0.0,0.0,0.0
ORD-02197,2026-04-20,CUST-030,536.88,45.0,0.0,11.54,0.0,0.0,0.0
ORD-02198,2025-07-23,CUST-053,2176.11,122.0,0.0,0.0,51.24,0.0,0.0
ORD-02199,2025-11-16,CUST-095,1617.31,71.0,32.35,0.0,0.0,32.35,562.43
ORD-02200,2026-05-05,CUST-056,463.58,22.0,4.64,0.0,0.0,4.64,0.0
ORD-02201,2026-04-20,CUST-103,822.72,53.0,8.23,0.0,0.0,16.45,0.0
ORD-02202,2025-10-01,CUST-039,183.03,15.0,8.24,3.06,0.0,0.0,0.0
ORD-02203,2026-04-17,CUST-064,1495.22,108.0,0.0,28.56,0.0,0.0,0.0
ORD-02204,2026-06-06,CUST-093,303.79,29.0,0.0,0.0,0.0,6.08,0.0
ORD-02205,2026-05-24,CUST-091,1437.81,80.0,0.0,20.42,33.6,0.0,0.0
ORD-02206,2025-10-16,CUST-044,1526.79,56.0,0.0,0.0,0.0,0.0,0.0
ORD-02207,2025-10-08,CUST-099,2513.8,108.0,50.28,0.0,45.36,50.28,0.0
ORD-02208,2026-06-02,CUST-117,940.14,63.0,0.0,0.0,26.46,18.8,0.0
ORD-02209,2025-08-28,CUST-096,404.04,32.0,0.0,0.0,0.0,0.0,0.0
ORD-02210,2025-07-14,CUST-079,91.56,6.0,1.83,0.0,0.0,1.83,0.0
ORD-02211,2026-01-13,CUST-119,1122.27,56.0,22.45,8.98,0.0,22.45,0.0
ORD-02212,2025-10-28,CUST-045,1608.71,100.0,72.39,0.0,0.0,32.17,0.0
ORD-02213,2026-01-20,CUST-057,521.23,41.0,7.82,0.0,17.22,10.42,0.0
ORD-02214,2025-08-14,CUST-030,1402.04,107.0,0.0,30.14,0.0,0.0,0.0
ORD-02215,2026-02-26,CUST-033,873.77,68.0,13.11,13.19,28.56,0.0,0.0
ORD-02216,2025-07-23,CUST-047,1457.18,102.0,14.57,0.0,42.84,0.0,0.0
ORD-02217,2026-06-03,CUST-049,1007.83,77.0,10.08,0.0,32.34,0.0,0.0
ORD-02218,2025-07-07,CUST-023,925.52,78.0,18.51,16.01,0.0,0.0,0.0
ORD-02219,2026-06-28,CUST-095,633.65,38.0,12.67,0.0,0.0,12.67,0.0
ORD-02220,2026-02-04,CUST-105,668.23,63.0,10.02,0.0,0.0,0.0,0.0
ORD-02221,2026-04-20,CUST-064,2046.45,93.0,0.0,39.09,0.0,0.0,0.0
ORD-02222,2026-02-05,CUST-043,2880.79,124.0,28.81,0.0,52.08,0.0,0.0
ORD-02223,2025-09-15,CUST-101,1236.29,56.0,55.63,0.0,23.52,12.36,0.0
ORD-02224,2026-06-18,CUST-064,2299.77,135.0,0.0,43.93,0.0,0.0,0.0
ORD-02225,2026-04-05,CUST-108,995.82,42.0,29.87,0.0,0.0,0.0,0.0
ORD-02226,2025-10-29,CUST-057,898.43,38.0,13.48,0.0,15.96,17.97,0.0
ORD-02227,2026-04-12,CUST-043,855.12,61.0,8.55,0.0,25.62,0.0,0.0
ORD-02228,2025-07-11,CUST-093,135.34,10.0,0.0,0.0,0.0,2.71,0.0
ORD-02229,2026-03-06,CUST-049,1398.59,59.0,13.99,0.0,24.78,0.0,0.0
ORD-02230,2026-06-23,CUST-052,180.43,9.0,0.0,0.0,3.78,0.0,0.0
ORD-02231,2026-04-25,CUST-112,917.17,58.0,0.0,20.73,0.0,9.17,0.0
ORD-02232,2026-01-08,CUST-037,376.78,27.0,11.3,7.01,0.0,7.54,0.0
ORD-02233,2026-05-24,CUST-115,2811.99,79.0,56.24,0.0,33.18,0.0,0.0
ORD-02234,2025-09-12,CUST-064,876.16,76.0,0.0,16.73,0.0,0.0,0.0
ORD-02235,2026-01-03,CUST-031,882.55,41.0,39.71,0.0,0.0,8.83,0.0
ORD-02236,2026-01-17,CUST-090,250.36,17.0,5.01,0.0,0.0,5.01,0.0
ORD-02237,2026-04-17,CUST-013,336.7,33.0,15.15,5.56,0.0,3.37,0.0
ORD-02238,2025-09-29,CUST-055,1313.05,40.0,59.09,0.0,16.8,26.26,0.0
ORD-02239,2025-11-18,CUST-025,518.98,26.0,7.78,7.01,10.92,0.0,0.0
ORD-02240,2026-06-09,CUST-001,1395.57,66.0,0.0,0.0,27.72,0.0,0.0
ORD-02241,2026-05-12,CUST-103,676.71,66.0,6.77,0.0,0.0,13.53,0.0
ORD-02242,2025-07-07,CUST-073,715.56,39.0,14.31,3.86,0.0,0.0,0.0
ORD-02243,2026-02-21,CUST-063,582.28,62.0,26.2,0.0,26.04,0.0,0.0
ORD-02244,2026-03-04,CUST-027,1140.79,96.0,17.11,11.98,40.32,11.41,0.0
ORD-02245,2026-06-01,CUST-005,1471.67,51.0,22.08,0.0,0.0,0.0,0.0
ORD-02246,2026-03-21,CUST-098,1224.37,68.0,0.0,0.0,0.0,0.0,0.0
ORD-02247,2025-10-06,CUST-008,471.6,16.0,4.72,0.0,6.72,4.72,0.0
ORD-02248,2025-09-04,CUST-047,1076.61,95.0,10.77,0.0,39.9,0.0,0.0
ORD-02249,2026-05-17,CUST-010,1924.61,77.0,86.61,0.0,32.34,38.49,0.0
ORD-02250,2026-05-31,CUST-018,4375.11,157.0,87.5,0.0,0.0,87.5,0.0
ORD-02251,2026-01-16,CUST-115,787.99,38.0,15.76,0.0,15.96,15.76,0.0
ORD-02252,2026-05-03,CUST-001,1395.73,67.0,0.0,0.0,28.14,0.0,0.0
ORD-02253,2025-11-22,CUST-078,1518.6,78.0,0.0,0.0,0.0,0.0,0.0
ORD-02254,2025-08-29,CUST-031,1372.3,68.0,61.75,0.0,0.0,13.72,0.0
ORD-02255,2025-09-15,CUST-009,834.82,80.0,37.57,5.26,0.0,16.7,0.0
ORD-02256,2025-07-14,CUST-078,754.26,40.0,0.0,0.0,0.0,0.0,0.0
ORD-02257,2025-08-29,CUST-086,2062.64,70.0,30.94,0.0,0.0,20.63,0.0
ORD-02258,2026-05-07,CUST-062,1037.36,77.0,31.12,0.0,0.0,0.0,0.0
ORD-02259,2026-04-25,CUST-066,1629.5,61.0,32.59,0.0,0.0,0.0,0.0
ORD-02260,2026-04-18,CUST-098,910.02,30.0,0.0,0.0,0.0,0.0,0.0
ORD-02261,2025-09-30,CUST-013,1600.12,69.0,72.01,26.4,0.0,16.0,544.13
ORD-02262,2026-01-13,CUST-028,659.92,36.0,13.2,0.0,0.0,0.0,0.0
ORD-02263,2025-11-26,CUST-118,853.54,63.0,38.41,8.71,26.46,17.07,0.0
ORD-02264,2026-06-26,CUST-097,919.45,86.0,9.19,0.0,0.0,18.39,0.0
ORD-02265,2026-06-26,CUST-036,1687.0,75.0,50.61,0.0,0.0,33.74,0.0
ORD-02266,2025-12-16,CUST-057,1310.86,59.0,19.66,0.0,24.78,26.22,0.0
ORD-02267,2025-11-02,CUST-053,1004.48,69.0,0.0,0.0,28.98,0.0,0.0
ORD-02268,2026-05-24,CUST-070,981.51,57.0,0.0,0.0,0.0,0.0,0.0
ORD-02269,2026-04-13,CUST-108,940.68,34.0,28.22,0.0,0.0,18.81,0.0
ORD-02270,2025-12-19,CUST-017,997.85,64.0,9.98,17.56,26.88,0.0,0.0
ORD-02271,2025-10-13,CUST-009,1355.05,58.0,60.98,8.54,0.0,27.1,0.0
ORD-02272,2025-08-10,CUST-114,962.21,72.0,43.3,20.88,30.24,19.24,0.0
ORD-02273,2026-02-05,CUST-064,2983.64,133.0,0.0,56.99,0.0,0.0,0.0
ORD-02274,2026-04-06,CUST-098,386.59,22.0,0.0,0.0,0.0,0.0,0.0
ORD-02275,2025-09-26,CUST-091,957.46,65.0,0.0,13.6,27.3,0.0,0.0
ORD-02276,2026-04-17,CUST-087,1015.73,48.0,0.0,0.0,0.0,0.0,0.0
ORD-02277,2026-03-29,CUST-064,1963.64,106.0,0.0,37.51,0.0,0.0,0.0
ORD-02278,2026-01-07,CUST-051,744.89,49.0,11.17,16.16,0.0,14.9,0.0
ORD-02279,2026-06-14,CUST-104,1224.41,89.0,18.37,0.0,37.38,24.49,0.0
ORD-02280,2026-06-05,CUST-064,3235.98,148.0,0.0,61.81,0.0,0.0,0.0
ORD-02281,2026-03-10,CUST-064,1949.9,116.0,0.0,37.24,0.0,0.0,0.0
ORD-02282,2025-08-14,CUST-024,565.18,65.0,16.96,0.0,0.0,0.0,0.0
ORD-02283,2025-08-17,CUST-006,238.41,9.0,3.58,0.0,0.0,4.77,0.0
ORD-02284,2026-05-01,CUST-084,1207.68,78.0,12.08,10.27,0.0,0.0,0.0
ORD-02285,2025-12-21,CUST-111,533.05,25.0,10.66,6.93,0.0,5.33,0.0
ORD-02286,2025-07-20,CUST-065,1399.22,106.0,27.98,0.0,0.0,0.0,0.0
ORD-02287,2026-06-30,CUST-017,839.46,60.0,8.39,14.77,25.2,0.0,0.0
ORD-02288,2025-10-09,CUST-079,1000.07,40.0,20.0,0.0,0.0,20.0,0.0
ORD-02289,2025-11-14,CUST-096,237.12,15.0,0.0,0.0,0.0,0.0,0.0
ORD-02290,2026-06-17,CUST-021,755.12,59.0,0.0,0.0,0.0,0.0,100.54
ORD-02291,2025-08-20,CUST-051,1130.61,39.0,16.96,24.53,0.0,0.0,0.0
ORD-02292,2025-09-25,CUST-018,3204.63,126.0,64.09,0.0,0.0,0.0,0.0
ORD-02293,2026-01-07,CUST-025,656.51,59.0,9.85,8.86,24.78,0.0,0.0
ORD-02294,2025-12-15,CUST-034,444.76,43.0,0.0,10.27,0.0,0.0,0.0
ORD-02295,2025-12-10,CUST-026,1680.96,61.0,0.0,19.84,25.62,0.0,0.0
ORD-02296,2025-10-31,CUST-097,1514.97,71.0,15.15,0.0,0.0,30.3,0.0
ORD-02297,2025-09-26,CUST-072,1739.08,65.0,0.0,0.0,0.0,0.0,0.0
ORD-02298,2025-11-03,CUST-116,1070.24,56.0,48.16,19.8,0.0,21.4,0.0
ORD-02299,2026-02-22,CUST-096,443.16,18.0,0.0,0.0,0.0,4.43,0.0
ORD-02300,2025-09-23,CUST-099,1441.87,47.0,28.84,0.0,19.74,0.0,0.0
ORD-02301,2026-03-04,CUST-049,1575.56,110.0,15.76,0.0,46.2,0.0,0.0
ORD-02302,2026-03-21,CUST-116,467.73,28.0,21.05,8.65,0.0,9.35,0.0
ORD-02303,2025-11-16,CUST-002,524.97,42.0,5.25,4.46,0.0,0.0,0.0
ORD-02304,2025-09-19,CUST-012,228.12,12.0,10.27,0.0,0.0,0.0,0.0
ORD-02305,2026-05-15,CUST-117,1094.96,50.0,0.0,0.0,21.0,21.9,0.0
ORD-02306,2026-06-07,CUST-019,1518.94,48.0,15.19,0.0,20.16,0.0,0.0
ORD-02307,2025-07-23,CUST-045,2798.79,158.0,125.95,0.0,0.0,55.98,0.0
ORD-02308,2026-05-28,CUST-017,1729.93,103.0,17.3,30.45,43.26,0.0,0.0
ORD-02309,2026-03-16,CUST-057,627.81,33.0,9.42,0.0,13.86,12.56,0.0
ORD-02310,2025-12-14,CUST-047,1677.71,90.0,16.78,0.0,37.8,0.0,0.0
ORD-02311,2026-02-08,CUST-020,729.56,63.0,14.59,0.0,0.0,0.0,0.0
ORD-02312,2025-10-18,CUST-117,1496.16,47.0,0.0,0.0,19.74,29.92,0.0
ORD-02313,2026-05-02,CUST-049,2629.84,130.0,26.3,0.0,54.6,0.0,0.0
ORD-02314,2026-05-15,CUST-064,1801.48,108.0,0.0,34.41,0.0,0.0,0.0
ORD-02315,2026-01-23,CUST-024,767.58,53.0,23.03,0.0,0.0,15.35,0.0
ORD-02316,2026-05-14,CUST-001,3112.19,128.0,0.0,0.0,53.76,0.0,0.0
ORD-02317,2026-01-19,CUST-104,1473.2,75.0,22.1,0.0,31.5,29.46,0.0
ORD-02318,2026-01-11,CUST-108,1775.61,66.0,53.27,0.0,0.0,35.51,0.0
ORD-02319,2026-03-29,CUST-041,181.03,17.0,0.0,0.0,0.0,0.0,0.0
ORD-02320,2025-11-20,CUST-064,2729.71,140.0,0.0,52.14,0.0,0.0,0.0
ORD-02321,2025-11-14,CUST-021,1588.0,87.0,0.0,0.0,0.0,0.0,0.0
ORD-02322,2025-07-23,CUST-042,825.65,34.0,0.0,0.0,0.0,0.0,0.0
ORD-02323,2026-03-26,CUST-068,426.69,11.0,4.27,0.0,0.0,0.0,0.0
ORD-02324,2025-08-08,CUST-086,1841.03,66.0,27.62,0.0,0.0,0.0,0.0
ORD-02325,2026-06-20,CUST-070,265.23,30.0,0.0,0.0,0.0,0.0,0.0
ORD-02326,2025-12-28,CUST-098,566.92,36.0,0.0,0.0,0.0,5.67,0.0
ORD-02327,2026-01-23,CUST-117,480.65,41.0,0.0,0.0,17.22,9.61,0.0
ORD-02328,2025-09-29,CUST-062,1176.47,59.0,35.29,0.0,0.0,0.0,0.0
ORD-02329,2025-09-07,CUST-068,517.36,44.0,5.17,0.0,0.0,0.0,0.0
ORD-02330,2025-09-21,CUST-013,1184.88,57.0,53.32,19.55,0.0,0.0,0.0
ORD-02331,2025-12-02,CUST-090,2438.46,64.0,48.77,0.0,0.0,0.0,544.18
ORD-02332,2026-05-14,CUST-062,1291.92,86.0,38.76,0.0,0.0,0.0,0.0
ORD-02333,2026-01-23,CUST-111,679.0,54.0,13.58,8.83,0.0,0.0,0.0
ORD-02334,2026-06-25,CUST-063,2335.3,92.0,105.09,0.0,38.64,0.0,0.0
ORD-02335,2026-01-22,CUST-070,2133.94,83.0,0.0,0.0,0.0,0.0,0.0
ORD-02336,2026-06-20,CUST-060,409.58,20.0,8.19,0.0,8.4,4.1,0.0
ORD-02337,2025-11-04,CUST-062,854.84,86.0,25.65,0.0,0.0,0.0,0.0
ORD-02338,2026-04-30,CUST-073,836.59,55.0,16.73,4.52,0.0,0.0,0.0
ORD-02339,2025-11-17,CUST-049,1306.02,72.0,13.06,0.0,30.24,0.0,0.0
ORD-02340,2025-08-22,CUST-045,1204.84,47.0,54.22,0.0,0.0,0.0,0.0
ORD-02341,2026-01-30,CUST-096,601.92,35.0,0.0,0.0,0.0,0.0,0.0
ORD-02342,2026-01-14,CUST-093,885.5,59.0,0.0,0.0,0.0,17.71,0.0
ORD-02343,2025-07-12,CUST-026,848.27,61.0,0.0,10.01,25.62,0.0,0.0
ORD-02344,2026-01-12,CUST-009,571.52,43.0,25.72,3.6,0.0,11.43,0.0
ORD-02345,2026-04-15,CUST-106,531.76,32.0,10.64,0.0,0.0,10.64,0.0
ORD-02346,2026-01-19,CUST-103,2250.97,104.0,22.51,0.0,0.0,0.0,0.0
ORD-02347,2026-05-16,CUST-044,635.76,46.0,0.0,0.0,0.0,12.72,0.0
ORD-02348,2026-05-31,CUST-106,372.73,25.0,7.45,0.0,0.0,0.0,0.0
ORD-02349,2025-10-01,CUST-098,891.18,54.0,0.0,0.0,0.0,8.91,0.0
ORD-02350,2026-03-27,CUST-062,1265.48,99.0,37.96,0.0,0.0,0.0,0.0
ORD-02351,2025-08-18,CUST-112,1672.05,92.0,0.0,37.79,0.0,0.0,0.0
ORD-02352,2025-10-10,CUST-077,674.17,43.0,10.11,12.34,18.06,0.0,0.0
ORD-02353,2026-06-02,CUST-108,1090.97,47.0,32.73,0.0,0.0,21.82,0.0
ORD-02354,2026-06-27,CUST-033,440.51,38.0,6.61,6.65,15.96,0.0,0.0
ORD-02355,2025-08-27,CUST-062,2186.42,130.0,65.59,0.0,0.0,0.0,0.0
ORD-02356,2026-02-04,CUST-064,1336.06,77.0,0.0,25.52,0.0,0.0,0.0
ORD-02357,2026-05-14,CUST-045,562.6,34.0,25.32,0.0,0.0,11.25,0.0
ORD-02358,2026-05-04,CUST-103,603.23,30.0,6.03,0.0,0.0,12.06,0.0
ORD-02359,2026-06-17,CUST-022,691.14,71.0,0.0,10.02,29.82,0.0,0.0
ORD-02360,2025-08-01,CUST-001,1070.03,44.0,0.0,0.0,18.48,0.0,0.0
ORD-02361,2025-12-27,CUST-109,723.34,57.0,14.47,5.5,0.0,0.0,0.0
ORD-02362,2026-02-20,CUST-089,1240.43,37.0,55.82,0.0,0.0,24.81,0.0
ORD-02363,2025-11-09,CUST-093,743.77,45.0,0.0,0.0,0.0,0.0,0.0
ORD-02364,2026-03-18,CUST-106,396.92,23.0,7.94,0.0,0.0,7.94,0.0
ORD-02365,2025-08-21,CUST-013,419.85,29.0,18.89,6.93,0.0,4.2,0.0
ORD-02366,2026-06-29,CUST-112,409.0,30.0,0.0,9.24,0.0,0.0,21.42
ORD-02367,2025-09-09,CUST-082,1417.82,103.0,14.18,0.0,0.0,14.18,0.0
ORD-02368,2026-05-15,CUST-106,1587.38,82.0,31.75,0.0,0.0,0.0,0.0
ORD-02369,2025-12-06,CUST-095,131.31,19.0,2.63,0.0,0.0,2.63,0.0
ORD-02370,2026-03-17,CUST-027,235.24,17.0,3.53,2.47,7.14,2.35,0.0
ORD-02371,2025-10-19,CUST-041,590.82,48.0,0.0,0.0,0.0,11.82,0.0
ORD-02372,2026-05-26,CUST-022,646.98,28.0,0.0,9.38,11.76,6.47,0.0
ORD-02373,2026-04-03,CUST-085,2163.99,79.0,0.0,0.0,33.18,0.0,0.0
ORD-02374,2026-06-22,CUST-062,1600.16,58.0,48.0,0.0,0.0,0.0,0.0
ORD-02375,2026-04-30,CUST-079,1424.74,57.0,28.49,0.0,0.0,28.49,0.0
ORD-02376,2026-01-22,CUST-015,2609.77,89.0,52.2,0.0,0.0,52.2,0.0
ORD-02377,2026-01-13,CUST-007,505.04,27.0,7.58,0.0,0.0,0.0,0.0
ORD-02378,2025-07-31,CUST-017,792.25,62.0,7.92,13.94,26.04,0.0,0.0
ORD-02379,2026-04-21,CUST-067,582.66,38.0,0.0,0.0,0.0,0.0,0.0
ORD-02380,2025-08-22,CUST-082,796.96,30.0,7.97,0.0,0.0,0.0,0.0
ORD-02381,2025-08-06,CUST-085,727.22,33.0,0.0,0.0,13.86,14.54,0.0
ORD-02382,2025-10-04,CUST-078,1290.65,86.0,0.0,0.0,0.0,0.0,0.0
ORD-02383,2025-09-18,CUST-113,693.2,55.0,13.86,9.98,0.0,0.0,0.0
ORD-02384,2026-03-22,CUST-057,1411.28,81.0,21.17,0.0,34.02,0.0,0.0
ORD-02385,2025-08-04,CUST-058,590.96,36.0,26.59,12.76,0.0,0.0,0.0
ORD-02386,2026-03-13,CUST-095,331.7,23.0,6.63,0.0,0.0,0.0,0.0
ORD-02387,2025-11-27,CUST-036,375.83,10.0,11.27,0.0,0.0,7.52,0.0
ORD-02388,2025-08-24,CUST-076,545.8,39.0,24.56,0.0,16.38,0.0,0.0
ORD-02389,2025-07-12,CUST-005,705.92,22.0,10.59,0.0,0.0,7.06,0.0
ORD-02390,2026-06-13,CUST-021,1525.64,93.0,0.0,0.0,0.0,0.0,0.0
ORD-02391,2025-09-26,CUST-098,1530.94,88.0,0.0,0.0,0.0,15.31,0.0
ORD-02392,2025-09-20,CUST-062,1686.43,95.0,50.59,0.0,0.0,0.0,0.0
ORD-02393,2026-01-23,CUST-038,995.83,67.0,9.96,0.0,0.0,0.0,0.0
ORD-02394,2025-12-27,CUST-094,205.94,7.0,4.12,0.0,2.94,2.06,0.0
ORD-02395,2025-12-03,CUST-061,810.01,32.0,16.2,0.0,0.0,16.2,0.0
ORD-02396,2026-05-03,CUST-021,1412.37,120.0,0.0,0.0,0.0,0.0,0.0
ORD-02397,2026-02-22,CUST-011,765.78,41.0,15.32,0.0,0.0,0.0,0.0
ORD-02398,2025-07-26,CUST-030,1128.5,79.0,0.0,24.26,0.0,0.0,0.0
ORD-02399,2026-02-02,CUST-081,1201.35,65.0,24.03,29.31,27.3,12.01,0.0
ORD-02400,2025-12-21,CUST-072,952.78,34.0,0.0,0.0,0.0,9.53,0.0
ORD-02401,2026-06-18,CUST-106,1070.56,66.0,21.41,0.0,0.0,0.0,0.0
ORD-02402,2026-02-27,CUST-107,1292.68,53.0,12.93,0.0,0.0,25.85,0.0
ORD-02403,2026-05-10,CUST-046,193.06,11.0,8.69,0.0,0.0,0.0,0.0
ORD-02404,2025-08-10,CUST-045,1143.93,100.0,51.48,0.0,0.0,22.88,0.0
ORD-02405,2025-12-16,CUST-024,596.66,37.0,17.9,0.0,0.0,11.93,0.0
ORD-02406,2025-10-13,CUST-056,855.68,53.0,8.56,0.0,0.0,8.56,0.0
ORD-02407,2026-06-29,CUST-062,1795.12,81.0,53.85,0.0,0.0,0.0,0.0
ORD-02408,2025-12-24,CUST-064,1962.95,117.0,0.0,37.49,0.0,0.0,0.0
ORD-02409,2025-09-25,CUST-006,1100.24,64.0,16.5,0.0,0.0,0.0,0.0
ORD-02410,2025-09-11,CUST-062,1158.29,88.0,34.75,0.0,0.0,0.0,0.0
ORD-02411,2025-09-27,CUST-099,582.99,27.0,11.66,0.0,11.34,0.0,0.0
ORD-02412,2025-12-25,CUST-106,842.79,33.0,16.86,0.0,0.0,16.86,0.0
ORD-02413,2025-10-01,CUST-093,1574.7,74.0,0.0,0.0,0.0,31.49,0.0
ORD-02414,2025-10-15,CUST-019,927.61,30.0,9.28,0.0,12.6,0.0,0.0
ORD-02415,2025-08-07,CUST-054,357.18,23.0,3.57,6.64,9.66,7.14,0.0
ORD-02416,2026-01-19,CUST-048,804.77,50.0,16.1,15.21,0.0,16.1,0.0
ORD-02417,2025-09-26,CUST-062,1022.82,71.0,30.68,0.0,0.0,0.0,0.0
ORD-02418,2026-02-26,CUST-089,781.22,32.0,35.15,0.0,0.0,0.0,0.0
ORD-02419,2025-12-20,CUST-004,2708.56,161.0,81.26,25.46,67.62,0.0,0.0
ORD-02420,2025-09-13,CUST-025,866.78,43.0,13.0,11.7,18.06,0.0,0.0
ORD-02421,2025-12-15,CUST-060,761.11,45.0,15.22,0.0,18.9,0.0,0.0
ORD-02422,2025-12-25,CUST-117,674.87,47.0,0.0,0.0,19.74,0.0,0.0
ORD-02423,2026-06-02,CUST-001,593.82,30.0,0.0,0.0,12.6,0.0,0.0
ORD-02424,2025-10-18,CUST-119,679.18,43.0,13.58,5.43,0.0,13.58,0.0
ORD-02425,2025-08-17,CUST-104,1492.31,88.0,22.38,0.0,36.96,0.0,87.31
ORD-02426,2025-11-07,CUST-012,1148.08,44.0,51.66,0.0,0.0,0.0,0.0
ORD-02427,2025-10-20,CUST-062,1174.58,63.0,35.24,0.0,0.0,0.0,0.0
ORD-02428,2026-04-07,CUST-095,1254.11,81.0,25.08,0.0,0.0,0.0,0.0
ORD-02429,2026-05-29,CUST-094,508.69,23.0,10.17,0.0,9.66,5.09,0.0
ORD-02430,2026-06-13,CUST-110,819.36,56.0,0.0,0.0,0.0,16.39,0.0
ORD-02431,2026-03-14,CUST-043,1045.24,75.0,10.45,0.0,31.5,0.0,0.0
ORD-02432,2025-12-03,CUST-120,1669.82,60.0,0.0,0.0,0.0,0.0,0.0
ORD-02433,2026-01-03,CUST-050,1978.67,87.0,19.79,29.09,36.54,0.0,374.24
ORD-02434,2026-05-14,CUST-064,1599.67,103.0,0.0,30.55,0.0,0.0,0.0
ORD-02435,2026-01-08,CUST-049,991.47,66.0,9.91,0.0,27.72,0.0,0.0
ORD-02436,2026-01-23,CUST-119,1196.45,116.0,23.93,9.57,0.0,23.93,0.0
ORD-02437,2026-05-19,CUST-076,2163.57,79.0,97.36,0.0,33.18,0.0,0.0
ORD-02438,2025-09-22,CUST-063,1596.9,85.0,71.86,0.0,35.7,0.0,0.0
ORD-02439,2026-06-08,CUST-036,838.28,33.0,25.15,0.0,0.0,16.77,0.0
ORD-02440,2026-02-18,CUST-049,1070.64,70.0,10.71,0.0,29.4,0.0,0.0
ORD-02441,2026-06-23,CUST-030,1834.83,67.0,0.0,39.45,0.0,0.0,0.0
ORD-02442,2026-01-09,CUST-005,1568.03,106.0,23.52,0.0,0.0,15.68,0.0
ORD-02443,2025-07-06,CUST-042,902.02,30.0,0.0,0.0,0.0,9.02,0.0
ORD-02444,2025-08-22,CUST-037,1754.55,124.0,52.64,32.63,0.0,35.09,0.0
ORD-02445,2026-01-22,CUST-079,1055.69,38.0,21.11,0.0,0.0,21.11,0.0
ORD-02446,2026-05-29,CUST-064,2139.36,115.0,0.0,40.86,0.0,0.0,0.0
ORD-02447,2025-12-05,CUST-047,1227.81,89.0,12.28,0.0,37.38,0.0,0.0
ORD-02448,2025-08-25,CUST-107,2496.36,94.0,24.96,0.0,0.0,49.93,0.0
ORD-02449,2026-02-12,CUST-013,566.88,40.0,25.51,9.35,0.0,0.0,0.0
ORD-02450,2026-05-04,CUST-043,333.67,24.0,3.34,0.0,10.08,0.0,0.0
ORD-02451,2026-03-05,CUST-001,919.1,45.0,0.0,0.0,18.9,0.0,0.0
ORD-02452,2025-10-18,CUST-086,756.41,27.0,11.35,0.0,0.0,0.0,0.0
ORD-02453,2026-02-08,CUST-058,617.92,29.0,27.81,13.35,0.0,0.0,0.0
ORD-02454,2026-05-18,CUST-049,1099.76,112.0,11.0,0.0,47.04,0.0,0.0
ORD-02455,2025-09-05,CUST-098,616.05,46.0,0.0,0.0,0.0,6.16,0.0
ORD-02456,2026-06-20,CUST-030,1710.53,66.0,0.0,36.78,0.0,0.0,0.0
ORD-02457,2025-07-17,CUST-049,2223.4,92.0,22.23,0.0,38.64,0.0,611.13
ORD-02458,2025-11-19,CUST-010,489.03,29.0,22.01,0.0,12.18,9.78,0.0
ORD-02459,2026-05-20,CUST-091,677.11,59.0,0.0,9.61,24.78,0.0,0.0
ORD-02460,2026-06-16,CUST-064,1519.31,109.0,0.0,29.02,0.0,0.0,0.0
ORD-02461,2025-09-28,CUST-056,1193.22,47.0,11.93,0.0,0.0,11.93,234.23
ORD-02462,2026-04-02,CUST-086,840.46,32.0,12.61,0.0,0.0,0.0,0.0
ORD-02463,2025-12-24,CUST-030,658.33,42.0,0.0,14.15,0.0,0.0,0.0
ORD-02464,2025-09-13,CUST-063,878.27,79.0,39.52,0.0,33.18,0.0,0.0
ORD-02465,2025-12-09,CUST-015,1302.03,67.0,26.04,0.0,0.0,26.04,0.0
ORD-02466,2026-01-27,CUST-098,1700.43,141.0,0.0,0.0,0.0,17.0,0.0
ORD-02467,2025-09-08,CUST-068,660.8,40.0,6.61,0.0,0.0,0.0,0.0
ORD-02468,2025-12-06,CUST-097,1094.73,63.0,10.95,0.0,0.0,21.89,0.0
ORD-02469,2026-01-12,CUST-080,1016.55,62.0,0.0,17.08,26.04,20.33,0.0
ORD-02470,2026-01-09,CUST-046,997.19,44.0,44.87,0.0,0.0,0.0,0.0
ORD-02471,2026-04-10,CUST-070,1427.18,95.0,0.0,0.0,0.0,0.0,0.0
ORD-02472,2026-01-29,CUST-025,607.49,36.0,9.11,8.2,15.12,0.0,0.0
ORD-02473,2025-07-01,CUST-050,1001.74,46.0,10.02,14.73,19.32,0.0,0.0
ORD-02474,2025-09-05,CUST-116,472.52,22.0,21.26,8.74,0.0,0.0,0.0
ORD-02475,2026-02-19,CUST-025,2060.98,106.0,30.91,27.82,44.52,0.0,0.0
ORD-02476,2026-06-17,CUST-091,1137.72,68.0,0.0,16.16,28.56,0.0,0.0
ORD-02477,2026-04-26,CUST-039,536.57,26.0,24.15,8.96,0.0,0.0,0.0
ORD-02478,2025-10-28,CUST-025,539.07,19.0,8.09,7.28,7.98,0.0,0.0
ORD-02479,2025-11-14,CUST-017,1743.06,125.0,17.43,30.68,52.5,0.0,0.0
ORD-02480,2026-05-07,CUST-085,1974.49,94.0,0.0,0.0,39.48,39.49,0.0
ORD-02481,2025-12-27,CUST-035,356.58,23.0,16.05,0.0,9.66,0.0,0.0
ORD-02482,2026-06-21,CUST-104,1714.36,76.0,25.72,0.0,31.92,0.0,0.0
ORD-02483,2025-07-21,CUST-076,1949.95,89.0,87.75,0.0,37.38,0.0,0.0
ORD-02484,2026-02-03,CUST-045,641.66,47.0,28.87,0.0,0.0,0.0,0.0
ORD-02485,2025-09-17,CUST-015,1444.47,77.0,28.89,0.0,0.0,28.89,0.0
ORD-02486,2026-01-26,CUST-109,381.28,32.0,7.63,2.9,0.0,0.0,0.0
ORD-02487,2025-12-14,CUST-070,1810.84,108.0,0.0,0.0,0.0,0.0,0.0
ORD-02488,2025-08-23,CUST-104,830.72,32.0,12.46,0.0,13.44,16.61,0.0
ORD-02489,2026-01-10,CUST-118,1439.52,78.0,64.78,14.68,32.76,28.79,0.0
ORD-02490,2025-11-08,CUST-075,935.81,46.0,0.0,0.0,0.0,0.0,0.0
ORD-02491,2025-07-29,CUST-029,759.55,59.0,34.18,0.0,24.78,0.0,0.0
ORD-02492,2026-03-26,CUST-001,1733.11,65.0,0.0,0.0,27.3,0.0,0.0
ORD-02493,2026-02-17,CUST-064,1618.86,119.0,0.0,30.92,0.0,0.0,0.0
ORD-02494,2025-11-26,CUST-068,763.42,66.0,7.63,0.0,0.0,0.0,0.0
ORD-02495,2025-09-08,CUST-047,881.26,58.0,8.81,0.0,24.36,0.0,0.0
ORD-02496,2026-04-01,CUST-017,1581.88,92.0,15.82,27.84,38.64,0.0,0.0
ORD-02497,2025-08-06,CUST-057,1334.47,84.0,20.02,0.0,35.28,0.0,0.0
ORD-02498,2026-05-05,CUST-099,2435.76,79.0,48.72,0.0,33.18,48.72,0.0
ORD-02499,2025-08-06,CUST-082,681.3,32.0,6.81,0.0,0.0,6.81,0.0
ORD-02500,2026-01-16,CUST-048,913.9,32.0,18.28,17.27,0.0,18.28,0.0
ORD-02501,2025-07-26,CUST-063,1231.76,76.0,55.43,0.0,31.92,0.0,0.0
ORD-02502,2026-05-27,CUST-038,1327.73,70.0,13.28,0.0,0.0,0.0,0.0
ORD-02503,2025-10-11,CUST-026,170.18,10.0,0.0,2.01,4.2,1.7,0.0
ORD-02504,2025-11-15,CUST-001,3284.8,119.0,0.0,0.0,49.98,0.0,0.0
ORD-02505,2026-05-03,CUST-093,27.04,2.0,0.0,0.0,0.0,0.54,0.0
ORD-02506,2026-04-03,CUST-077,932.27,55.0,13.98,17.06,23.1,0.0,0.0
ORD-02507,2026-06-01,CUST-057,704.28,68.0,10.56,0.0,28.56,14.09,0.0
ORD-02508,2026-02-01,CUST-043,272.54,17.0,2.73,0.0,7.14,0.0,0.0
ORD-02509,2025-10-31,CUST-047,2275.07,96.0,22.75,0.0,40.32,0.0,0.0
ORD-02510,2025-10-29,CUST-063,998.36,46.0,44.93,0.0,19.32,0.0,0.0
ORD-02511,2026-05-19,CUST-075,655.46,19.0,0.0,0.0,0.0,0.0,0.0
ORD-02512,2026-05-21,CUST-077,914.61,68.0,13.72,16.74,28.56,0.0,0.0
ORD-02513,2025-12-21,CUST-119,347.55,25.0,6.95,2.78,0.0,6.95,0.0
ORD-02514,2025-10-07,CUST-018,928.96,40.0,18.58,0.0,0.0,0.0,0.0
ORD-02515,2026-03-03,CUST-067,500.55,35.0,0.0,0.0,0.0,0.0,0.0
ORD-02516,2025-11-07,CUST-062,2059.27,100.0,61.78,0.0,0.0,0.0,275.17
ORD-02517,2025-10-31,CUST-089,211.18,9.0,9.5,0.0,0.0,0.0,0.0
ORD-02518,2025-12-21,CUST-113,1128.62,70.0,22.57,16.25,0.0,22.57,0.0
ORD-02519,2025-10-13,CUST-061,607.99,47.0,12.16,0.0,0.0,12.16,0.0
ORD-02520,2026-01-06,CUST-087,485.21,29.0,0.0,0.0,0.0,9.7,0.0
ORD-02521,2025-08-13,CUST-042,1452.74,59.0,0.0,0.0,0.0,0.0,0.0
ORD-02522,2026-05-04,CUST-001,1726.37,74.0,0.0,0.0,31.08,0.0,0.0
ORD-02523,2026-05-13,CUST-031,1739.95,68.0,78.3,0.0,0.0,0.0,0.0
ORD-02524,2026-04-18,CUST-034,2144.09,78.0,0.0,49.53,0.0,0.0,0.0
ORD-02525,2025-11-10,CUST-045,2006.95,111.0,90.31,0.0,0.0,40.14,0.0
ORD-02526,2025-09-08,CUST-001,1951.36,75.0,0.0,0.0,31.5,0.0,0.0
ORD-02527,2025-10-25,CUST-013,2135.68,122.0,96.11,35.24,0.0,21.36,0.0
ORD-02528,2025-07-22,CUST-008,802.31,41.0,8.02,0.0,17.22,8.02,0.0
ORD-02529,2026-04-09,CUST-051,144.48,6.0,2.17,3.14,0.0,2.89,0.0
ORD-02530,2025-11-19,CUST-003,645.21,44.0,19.36,9.87,0.0,12.9,0.0
ORD-02531,2025-08-30,CUST-057,674.23,38.0,10.11,0.0,15.96,0.0,0.0
ORD-02532,2026-01-09,CUST-001,1766.98,61.0,0.0,0.0,25.62,0.0,0.0
ORD-02533,2026-02-08,CUST-104,428.91,37.0,6.43,0.0,15.54,0.0,0.0
ORD-02534,2025-11-01,CUST-049,1757.74,105.0,17.58,0.0,44.1,0.0,0.0
ORD-02535,2026-06-13,CUST-065,872.76,57.0,17.46,0.0,0.0,0.0,0.0
ORD-02536,2026-06-14,CUST-020,436.87,30.0,8.74,0.0,0.0,4.37,0.0
ORD-02537,2025-09-09,CUST-064,1289.78,85.0,0.0,24.63,0.0,0.0,0.0
ORD-02538,2025-11-10,CUST-021,1043.32,63.0,0.0,0.0,0.0,0.0,0.0
ORD-02539,2026-06-12,CUST-025,1156.53,60.0,17.35,15.61,25.2,0.0,0.0
ORD-02540,2026-03-31,CUST-027,1389.32,85.0,20.84,14.59,35.7,0.0,0.0
ORD-02541,2025-08-13,CUST-015,1547.06,56.0,30.94,0.0,0.0,30.94,0.0
ORD-02542,2025-12-05,CUST-017,249.0,29.0,2.49,4.38,12.18,0.0,27.15
ORD-02543,2025-12-11,CUST-039,928.65,67.0,41.79,15.51,0.0,0.0,0.0
ORD-02544,2026-04-01,CUST-016,1329.41,104.0,0.0,0.0,43.68,13.29,0.0
ORD-02545,2025-11-04,CUST-044,2083.16,78.0,0.0,0.0,0.0,0.0,0.0
ORD-02546,2026-02-06,CUST-112,788.09,45.0,0.0,17.81,0.0,7.88,0.0
ORD-02547,2026-06-29,CUST-047,804.79,58.0,8.05,0.0,24.36,0.0,0.0
ORD-02548,2025-07-03,CUST-043,1007.19,72.0,10.07,0.0,30.24,0.0,0.0
ORD-02549,2026-04-29,CUST-107,1463.98,76.0,14.64,0.0,0.0,29.28,0.0
ORD-02550,2025-10-14,CUST-007,2699.33,83.0,40.49,0.0,0.0,0.0,0.0
ORD-02551,2025-08-25,CUST-002,2100.67,80.0,21.01,17.86,0.0,0.0,0.0
ORD-02552,2025-07-24,CUST-063,2029.0,62.0,91.31,0.0,26.04,0.0,0.0
ORD-02553,2026-01-28,CUST-099,2866.01,95.0,57.32,0.0,39.9,57.32,0.0
ORD-02554,2026-01-29,CUST-062,1568.77,101.0,47.06,0.0,0.0,0.0,0.0
ORD-02555,2026-05-13,CUST-070,901.78,54.0,0.0,0.0,0.0,0.0,0.0
ORD-02556,2026-05-10,CUST-063,699.19,42.0,31.46,0.0,17.64,0.0,0.0
ORD-02557,2026-04-15,CUST-024,917.99,42.0,27.54,0.0,0.0,18.36,0.0
ORD-02558,2025-07-15,CUST-108,2149.62,54.0,64.49,0.0,0.0,42.99,0.0
ORD-02559,2025-08-15,CUST-104,792.43,39.0,11.89,0.0,16.38,0.0,0.0
ORD-02560,2026-02-22,CUST-015,1677.51,69.0,33.55,0.0,0.0,33.55,0.0
ORD-02561,2025-10-03,CUST-015,1931.31,86.0,38.63,0.0,0.0,38.63,0.0
ORD-02562,2026-01-24,CUST-055,755.96,20.0,34.02,0.0,8.4,15.12,0.0
ORD-02563,2026-06-09,CUST-038,791.49,77.0,7.91,0.0,0.0,0.0,0.0
ORD-02564,2026-04-11,CUST-077,1588.09,120.0,23.82,29.06,50.4,0.0,0.0
ORD-02565,2026-01-11,CUST-039,605.22,29.0,27.23,10.11,0.0,0.0,0.0
ORD-02566,2026-05-16,CUST-018,2167.96,80.0,43.36,0.0,0.0,43.36,0.0
ORD-02567,2025-07-01,CUST-063,1119.51,69.0,50.38,0.0,28.98,0.0,0.0
ORD-02568,2026-05-28,CUST-063,1362.24,99.0,61.3,0.0,41.58,0.0,0.0
ORD-02569,2026-03-18,CUST-117,2746.76,133.0,0.0,0.0,55.86,54.94,0.0
ORD-02570,2025-09-29,CUST-072,1019.62,48.0,0.0,0.0,0.0,10.2,0.0
ORD-02571,2025-12-14,CUST-119,1001.36,45.0,20.03,8.01,0.0,20.03,0.0
ORD-02572,2025-08-04,CUST-119,791.1,46.0,15.82,6.33,0.0,15.82,0.0
ORD-02573,2026-01-22,CUST-023,770.46,39.0,15.41,13.33,0.0,0.0,0.0
ORD-02574,2026-01-01,CUST-116,1141.11,85.0,51.35,21.11,0.0,22.82,0.0
ORD-02575,2025-08-08,CUST-038,526.11,36.0,5.26,0.0,0.0,0.0,0.0
ORD-02576,2026-03-19,CUST-049,999.37,59.0,9.99,0.0,24.78,0.0,0.0
ORD-02577,2026-03-25,CUST-026,1011.34,40.0,0.0,11.93,16.8,10.11,0.0
ORD-02578,2026-02-03,CUST-115,1025.27,66.0,20.51,0.0,27.72,20.51,0.0
ORD-02579,2026-01-15,CUST-018,1254.7,41.0,25.09,0.0,0.0,25.09,0.0
ORD-02580,2025-07-12,CUST-005,881.27,37.0,13.22,0.0,0.0,8.81,0.0
ORD-02581,2025-12-16,CUST-060,313.64,34.0,6.27,0.0,14.28,3.14,0.0
ORD-02582,2026-03-07,CUST-009,804.33,56.0,36.19,5.07,0.0,0.0,0.0
ORD-02583,2026-03-17,CUST-098,1064.82,47.0,0.0,0.0,0.0,10.65,0.0
ORD-02584,2025-10-16,CUST-018,782.47,41.0,15.65,0.0,0.0,15.65,0.0
ORD-02585,2025-12-18,CUST-021,723.02,40.0,0.0,0.0,0.0,0.0,0.0
ORD-02586,2026-02-04,CUST-013,1003.85,58.0,45.17,16.56,0.0,10.04,0.0
ORD-02587,2026-03-03,CUST-055,706.41,31.0,31.79,0.0,13.02,0.0,0.0
ORD-02588,2026-01-22,CUST-041,1039.92,63.0,0.0,0.0,0.0,20.8,0.0
ORD-02589,2026-05-01,CUST-078,760.58,47.0,0.0,0.0,0.0,0.0,0.0
ORD-02590,2025-10-11,CUST-115,339.56,30.0,6.79,0.0,12.6,6.79,0.0
ORD-02591,2025-08-03,CUST-104,2509.15,72.0,37.64,0.0,30.24,0.0,0.0
ORD-02592,2025-11-13,CUST-104,639.72,26.0,9.6,0.0,10.92,12.79,0.0
ORD-02593,2026-04-02,CUST-115,897.67,78.0,17.95,0.0,32.76,17.95,0.0
ORD-02594,2026-04-12,CUST-098,1139.75,123.0,0.0,0.0,0.0,0.0,0.0
ORD-02595,2025-10-26,CUST-037,1262.42,74.0,37.87,23.48,0.0,25.25,0.0
ORD-02596,2026-04-21,CUST-056,1066.89,61.0,10.67,0.0,0.0,0.0,0.0
ORD-02597,2026-05-06,CUST-029,136.63,12.0,6.15,0.0,5.04,0.0,0.0
ORD-02598,2025-10-14,CUST-043,1069.48,56.0,10.69,0.0,23.52,0.0,0.0
ORD-02599,2025-08-12,CUST-012,718.75,65.0,32.34,0.0,0.0,0.0,138.95
ORD-02600,2025-09-30,CUST-108,582.23,21.0,17.47,0.0,0.0,11.64,0.0
